matchid,playerid,teamid,mapid,sideid,k,d,ek,ed,roundswing,adr,eadr,kast,ekast,rating
2388913,20584,13286,0,0,30.0,32.0,30.0,32.0,0.35,74.7,73.6,58.5,60.9,1.15
2388913,23553,13286,0,0,23.0,27.0,25.0,27.0,-0.27,70.0,72.0,73.2,74.8,0.97
2388913,20761,13286,0,0,24.0,30.0,25.0,29.0,-2.42,60.2,62.5,63.4,61.4,0.86
2388913,22674,13286,0,0,22.0,30.0,22.0,30.0,-1.09,62.4,64.6,61.0,57.3,0.86
2388913,22203,13286,0,0,21.0,32.0,22.0,32.0,-4.04,70.2,72.1,68.3,62.2,0.77
2388913,22203,13286,0,1,9.0,15.0,10.0,15.0,-3.87,78.0,85.4,58.8,53.1,0.77
2388913,20761,13286,0,1,9.0,16.0,10.0,15.0,-4.48,59.2,66.0,52.9,53.6,0.64
2388913,23553,13286,0,1,8.0,15.0,9.0,15.0,-3.81,59.6,64.0,58.8,65.2,0.61
2388913,22674,13286,0,1,7.0,17.0,8.0,16.0,-6.75,53.6,61.8,52.9,48.5,0.48
2388913,20584,13286,0,1,6.0,16.0,6.0,15.0,-8.81,46.6,49.1,35.3,39.5,0.43
2388913,20584,13286,0,2,24.0,16.0,24.0,17.0,6.84,94.5,90.9,75.0,76.1,1.66
2388913,23553,13286,0,2,15.0,12.0,15.0,12.0,2.23,77.5,77.6,83.3,81.7,1.23
2388913,22674,13286,0,2,15.0,13.0,14.0,14.0,2.91,68.6,66.6,66.7,63.6,1.13
2388913,20761,13286,0,2,15.0,14.0,15.0,14.0,-0.96,60.9,60.0,70.8,67.0,1.02
2388913,22203,13286,0,2,12.0,17.0,11.0,17.0,-4.16,64.7,62.7,75.0,68.6,0.77
2388913,21012,11737,0,0,32.0,20.0,32.0,22.0,3.74,83.7,80.9,85.4,73.6,1.35
2388913,21159,11737,0,0,35.0,25.0,34.0,26.0,1.66,89.3,83.9,70.7,66.7,1.26
2388913,20879,11737,0,0,33.0,23.0,33.0,24.0,1.91,78.4,76.8,80.5,68.4,1.21
2388913,22914,11737,0,0,23.0,25.0,23.0,26.0,0.31,62.4,61.4,78.0,70.7,1.01
2388913,3849,11737,0,0,28.0,27.0,25.0,30.0,-0.16,75.8,71.2,68.3,64.1,1.0
2388913,21159,11737,0,1,21.0,16.0,22.0,16.0,1.15,86.3,86.3,62.5,61.0,1.21
2388913,21012,11737,0,1,15.0,13.0,17.0,14.0,-0.04,72.0,75.6,87.5,74.1,1.05
2388913,20879,11737,0,1,12.0,16.0,14.0,16.0,-0.77,55.8,58.7,70.8,58.4,0.8
2388913,22914,11737,0,1,10.0,18.0,11.0,18.0,-2.98,57.7,60.6,70.8,64.6,0.73
2388913,3849,11737,0,1,14.0,18.0,13.0,19.0,-4.23,66.5,61.8,58.3,56.1,0.68
2388913,20879,11737,0,2,21.0,7.0,20.0,8.0,5.7,110.2,102.5,94.1,82.5,1.79
2388913,21012,11737,0,2,17.0,7.0,15.0,8.0,9.09,100.3,88.4,82.4,73.1,1.78
2388913,3849,11737,0,2,14.0,9.0,13.0,10.0,5.59,88.8,84.6,82.4,75.3,1.44
2388913,22914,11737,0,2,13.0,7.0,12.0,8.0,4.96,69.0,62.6,88.2,79.4,1.39
2388913,21159,11737,0,2,14.0,9.0,12.0,10.0,2.38,93.6,80.6,82.4,74.7,1.32
2388913,20584,13286,1,0,18.0,18.0,18.0,19.0,1.94,73.5,72.7,60.9,61.5,1.23
2388913,22674,13286,1,0,16.0,16.0,15.0,16.0,1.83,73.2,75.1,60.9,64.4,1.13
2388913,22203,13286,1,0,15.0,16.0,15.0,17.0,-2.51,84.2,84.7,73.9,63.2,0.98
2388913,23553,13286,1,0,13.0,15.0,13.0,15.0,-2.02,73.7,73.8,73.9,77.3,0.91
2388913,20761,13286,1,0,12.0,16.0,12.0,16.0,-2.09,62.7,64.1,60.9,52.9,0.9
2388913,22203,13286,1,1,5.0,10.0,6.0,10.0,-5.48,79.5,89.2,54.5,42.5,0.67
2388913,23553,13286,1,1,6.0,9.0,7.0,9.0,-5.88,71.1,77.7,54.5,60.1,0.62
2388913,20584,13286,1,1,5.0,11.0,6.0,10.0,-6.2,55.6,59.8,36.4,40.3,0.55
2388913,22674,13286,1,1,4.0,11.0,4.0,10.0,-6.56,48.5,58.8,45.5,54.3,0.44
2388913,20761,13286,1,1,3.0,11.0,3.0,10.0,-9.49,38.6,45.2,36.4,31.7,0.31
2388913,20584,13286,1,2,13.0,7.0,13.0,8.0,9.4,89.9,84.6,83.3,81.0,1.85
2388913,22674,13286,1,2,12.0,5.0,11.0,6.0,9.52,95.8,90.0,75.0,73.6,1.78
2388913,20761,13286,1,2,9.0,5.0,9.0,6.0,4.69,84.8,81.5,83.3,72.4,1.45
2388913,22203,13286,1,2,10.0,6.0,9.0,7.0,0.21,88.5,80.6,91.7,82.3,1.27
2388913,23553,13286,1,2,7.0,6.0,6.0,7.0,1.52,76.2,70.1,91.7,93.0,1.18
2388913,21012,11737,1,0,19.0,13.0,19.0,14.0,0.72,89.1,85.4,82.6,69.3,1.3
2388913,20879,11737,1,0,17.0,13.0,17.0,13.0,1.01,73.9,72.2,78.3,64.2,1.13
2388913,21159,11737,1,0,17.0,16.0,18.0,16.0,1.59,76.0,75.5,56.5,55.2,1.1
2388913,3849,11737,1,0,15.0,16.0,14.0,17.0,-0.55,83.7,81.6,69.6,64.1,1.02
2388913,22914,11737,1,0,13.0,16.0,13.0,16.0,0.09,57.2,55.8,69.6,68.0,0.98
2388913,21159,11737,1,1,8.0,10.0,9.0,10.0,-1.57,64.6,68.1,41.7,46.1,0.82
2388913,20879,11737,1,1,6.0,9.0,7.0,9.0,-2.29,59.8,65.4,66.7,45.5,0.72
2388913,21012,11737,1,1,6.0,9.0,7.0,9.0,-8.86,64.2,70.5,75.0,57.3,0.58
2388913,3849,11737,1,1,5.0,11.0,6.0,11.0,-6.82,63.0,66.0,58.3,56.5,0.51
2388913,22914,11737,1,1,4.0,12.0,5.0,12.0,-5.8,48.2,54.2,50.0,54.8,0.5
2388913,21012,11737,1,2,13.0,4.0,11.0,5.0,11.18,116.2,101.6,90.9,82.4,2.09
2388913,20879,11737,1,2,11.0,4.0,10.0,4.0,4.61,89.3,79.7,90.9,84.7,1.58
2388913,3849,11737,1,2,10.0,5.0,9.0,6.0,6.28,106.3,98.6,81.8,72.4,1.56
2388913,22914,11737,1,2,9.0,4.0,8.0,5.0,6.52,67.0,57.6,90.9,82.4,1.5
2388913,21159,11737,1,2,9.0,6.0,9.0,7.0,5.03,88.5,83.5,72.7,65.2,1.4
2388913,20584,13286,4,0,12.0,14.0,12.0,14.0,-1.68,76.2,74.7,55.6,60.1,1.07
2388913,23553,13286,4,0,10.0,12.0,11.0,12.0,1.96,65.3,69.7,72.2,71.7,1.07
2388913,20761,13286,4,0,12.0,14.0,13.0,13.0,-2.84,56.9,60.3,66.7,72.3,0.94
2388913,22674,13286,4,0,6.0,14.0,6.0,14.0,-4.83,48.6,51.3,61.1,48.3,0.56
2388913,22203,13286,4,0,6.0,16.0,6.0,15.0,-5.98,52.4,55.9,61.1,60.9,0.54
2388913,20761,13286,4,1,6.0,5.0,6.0,5.0,4.71,96.8,104.0,83.3,93.7,1.52
2388913,22203,13286,4,1,4.0,5.0,4.0,5.0,-0.91,75.3,78.4,66.7,72.7,0.96
2388913,23553,13286,4,1,2.0,6.0,2.0,6.0,0.0,38.5,38.9,66.7,74.5,0.63
2388913,22674,13286,4,1,3.0,6.0,4.0,6.0,-7.12,63.0,67.3,66.7,37.9,0.53
2388913,20584,13286,4,1,1.0,5.0,1.0,5.0,-13.58,30.2,29.6,33.3,37.9,0.25
2388913,20584,13286,4,2,11.0,9.0,11.0,9.0,4.27,99.2,97.2,66.7,71.2,1.48
2388913,23553,13286,4,2,8.0,6.0,9.0,6.0,2.95,78.8,85.1,75.0,70.3,1.29
2388913,20761,13286,4,2,6.0,9.0,6.0,9.0,-6.61,36.9,38.5,58.3,61.6,0.66
2388913,22674,13286,4,2,3.0,8.0,3.0,8.0,-3.69,41.4,43.3,58.3,53.5,0.57
2388913,22203,13286,4,2,2.0,11.0,2.0,11.0,-8.52,40.9,44.7,58.3,55.0,0.32
2388913,21012,11737,4,0,13.0,7.0,13.0,8.0,7.6,76.8,75.2,88.9,79.2,1.53
2388913,21159,11737,4,0,18.0,9.0,16.0,10.0,1.76,106.3,94.8,88.9,81.4,1.52
2388913,20879,11737,4,0,16.0,10.0,16.0,11.0,3.07,84.1,82.7,83.3,73.7,1.33
2388913,22914,11737,4,0,10.0,9.0,10.0,10.0,0.6,69.0,68.6,88.9,74.2,1.05
2388913,3849,11737,4,0,13.0,11.0,11.0,13.0,0.34,65.6,58.0,66.7,64.1,0.95
2388913,21012,11737,4,1,9.0,4.0,10.0,5.0,8.78,79.7,80.7,100.0,90.8,1.67
2388913,21159,11737,4,1,13.0,6.0,13.0,7.0,3.88,108.1,104.6,83.3,76.0,1.66
2388913,22914,11737,4,1,6.0,6.0,6.0,7.0,-0.15,67.2,67.0,91.7,74.3,0.98
2388913,20879,11737,4,1,6.0,7.0,6.0,8.0,0.75,51.8,51.9,75.0,71.4,0.9
2388913,3849,11737,4,1,9.0,7.0,7.0,8.0,-1.65,70.0,57.6,58.3,55.8,0.82
2388913,20879,11737,4,2,10.0,3.0,10.0,3.0,7.7,148.7,144.4,100.0,78.4,2.2
2388913,21012,11737,4,2,4.0,3.0,3.0,3.0,5.25,71.2,64.2,66.7,55.9,1.24
2388913,21159,11737,4,2,5.0,3.0,3.0,3.0,-2.49,102.8,75.2,100.0,92.2,1.23
2388913,3849,11737,4,2,4.0,4.0,4.0,4.0,4.33,56.8,58.9,83.3,80.7,1.23
2388913,22914,11737,4,2,4.0,3.0,4.0,3.0,2.1,72.7,71.8,83.3,73.9,1.21
2388915,9254,13404,0,0,33.0,23.0,31.0,23.0,7.29,93.3,87.9,87.2,87.6,1.57
2388915,19509,13404,0,0,34.0,21.0,38.0,21.0,3.36,89.5,95.3,92.3,90.7,1.53
2388915,8371,13404,0,0,38.0,24.0,34.0,25.0,2.87,97.9,92.1,84.6,80.9,1.38
2388915,18749,13404,0,0,27.0,25.0,27.0,25.0,2.39,73.9,72.9,87.2,87.1,1.23
2388915,21239,13404,0,0,26.0,23.0,25.0,23.0,-2.81,66.3,64.0,74.4,77.6,0.98
2388915,9254,13404,0,1,19.0,6.0,17.0,6.0,9.87,107.3,96.9,95.0,91.3,1.84
2388915,8371,13404,0,1,24.0,8.0,21.0,9.0,6.17,109.5,98.4,90.0,83.0,1.71
2388915,19509,13404,0,1,19.0,7.0,20.0,9.0,2.34,89.3,90.1,100.0,91.7,1.51
2388915,18749,13404,0,1,17.0,11.0,16.0,12.0,3.7,85.8,79.6,85.0,78.7,1.32
2388915,21239,13404,0,1,14.0,9.0,11.0,10.0,-1.62,75.0,66.7,85.0,85.0,1.03
2388915,19509,13404,0,2,15.0,14.0,17.0,13.0,4.43,89.7,100.8,84.2,89.6,1.54
2388915,9254,13404,0,2,14.0,17.0,14.0,16.0,4.56,78.6,78.3,78.9,83.7,1.29
2388915,18749,13404,0,2,10.0,14.0,11.0,13.0,1.01,61.5,65.8,89.5,95.9,1.13
2388915,8371,13404,0,2,14.0,16.0,13.0,15.0,-0.59,85.8,85.4,78.9,78.6,1.03
2388915,21239,13404,0,2,12.0,14.0,13.0,13.0,-4.06,57.2,61.2,63.2,69.9,0.94
2388915,22481,11609,0,0,33.0,30.0,31.0,30.0,2.13,82.7,84.9,66.7,73.7,1.2
2388915,14176,11609,0,0,27.0,31.0,27.0,33.0,-1.86,80.9,80.8,76.9,69.5,0.94
2388915,19738,11609,0,0,22.0,31.0,23.0,30.0,-1.35,61.2,63.4,53.8,53.4,0.82
2388915,21971,11609,0,0,16.0,32.0,17.0,31.0,-5.26,51.0,53.8,59.0,59.0,0.62
2388915,7168,11609,0,0,17.0,35.0,15.0,36.0,-6.79,63.0,58.3,56.4,55.5,0.57
2388915,22481,11609,0,1,23.0,12.0,20.0,13.0,2.55,102.5,99.7,84.2,83.9,1.43
2388915,14176,11609,0,1,18.0,13.0,17.0,16.0,1.16,107.2,103.2,94.7,82.7,1.26
2388915,7168,11609,0,1,14.0,15.0,12.0,17.0,-2.62,107.2,99.3,89.5,82.8,0.98
2388915,21971,11609,0,1,8.0,12.0,9.0,12.0,-3.58,50.6,53.5,78.9,71.2,0.75
2388915,19738,11609,0,1,11.0,14.0,11.0,15.0,-2.96,54.8,54.3,68.4,66.6,0.74
2388915,22481,11609,0,2,10.0,18.0,11.0,16.0,1.73,64.0,70.9,50.0,64.0,0.99
2388915,19738,11609,0,2,11.0,17.0,13.0,15.0,0.18,67.2,72.0,40.0,40.8,0.89
2388915,14176,11609,0,2,9.0,18.0,9.0,16.0,-4.74,56.0,59.4,60.0,56.9,0.63
2388915,21971,11609,0,2,8.0,20.0,8.0,18.0,-6.87,51.4,54.1,40.0,47.4,0.5
2388915,7168,11609,0,2,3.0,20.0,3.0,19.0,-10.76,20.9,19.4,25.0,29.6,0.18
2388915,9254,13404,3,0,18.0,10.0,18.0,10.0,11.77,115.2,107.7,89.5,89.3,1.98
2388915,8371,13404,3,0,19.0,10.0,17.0,11.0,4.25,95.9,88.0,89.5,88.6,1.44
2388915,19509,13404,3,0,18.0,10.0,20.0,11.0,-0.39,90.7,97.5,100.0,97.7,1.44
2388915,18749,13404,3,0,16.0,11.0,16.0,11.0,3.71,90.0,85.9,84.2,76.4,1.4
2388915,21239,13404,3,0,9.0,10.0,8.0,10.0,-2.65,44.7,44.1,68.4,71.5,0.83
2388915,9254,13404,3,1,13.0,4.0,13.0,4.0,13.8,122.8,114.8,91.7,92.0,2.25
2388915,18749,13404,3,1,14.0,7.0,13.0,7.0,6.93,109.8,102.6,83.3,71.7,1.68
2388915,19509,13404,3,1,12.0,5.0,13.0,6.0,0.06,93.5,97.7,100.0,93.6,1.47
2388915,8371,13404,3,1,10.0,4.0,8.0,5.0,2.89,82.2,73.7,83.3,78.6,1.26
2388915,21239,13404,3,1,5.0,6.0,5.0,7.0,-3.81,46.2,45.9,75.0,81.8,0.77
2388915,8371,13404,3,2,9.0,6.0,8.0,6.0,6.59,119.3,112.7,100.0,105.8,1.75
2388915,9254,13404,3,2,5.0,6.0,5.0,6.0,8.29,102.1,95.4,85.7,84.7,1.51
2388915,19509,13404,3,2,6.0,5.0,7.0,5.0,-1.17,85.9,97.2,100.0,104.8,1.39
2388915,21239,13404,3,2,4.0,4.0,4.0,3.0,-0.66,42.1,40.9,57.1,53.7,0.93
2388915,18749,13404,3,2,2.0,4.0,2.0,4.0,-1.81,56.1,57.1,85.7,84.4,0.93
2388915,22481,11609,3,0,12.0,15.0,11.0,15.0,1.73,61.2,63.2,63.2,73.9,0.98
2388915,14176,11609,3,0,12.0,16.0,12.0,17.0,-3.3,84.1,82.2,78.9,71.9,0.89
2388915,19738,11609,3,0,11.0,14.0,12.0,13.0,-0.54,58.4,60.9,52.6,49.1,0.88
2388915,21971,11609,3,0,9.0,17.0,10.0,17.0,-5.78,57.4,60.6,52.6,50.9,0.62
2388915,7168,11609,3,0,6.0,18.0,5.0,18.0,-8.9,41.2,37.7,52.6,54.7,0.39
2388915,14176,11609,3,1,6.0,6.0,6.0,7.0,-2.36,138.3,134.5,100.0,95.9,1.23
2388915,22481,11609,3,1,7.0,5.0,5.0,5.0,1.21,76.1,70.9,71.4,64.7,0.96
2388915,19738,11609,3,1,4.0,4.0,4.0,4.0,-2.07,42.6,41.8,71.4,64.1,0.8
2388915,7168,11609,3,1,4.0,6.0,4.0,6.0,-4.5,70.1,65.9,85.7,79.5,0.74
2388915,21971,11609,3,1,3.0,5.0,3.0,5.0,-3.82,48.3,53.6,71.4,50.9,0.64
2388915,22481,11609,3,2,5.0,10.0,6.0,9.0,2.04,52.4,58.7,58.3,79.3,1.0
2388915,19738,11609,3,2,7.0,10.0,8.0,9.0,0.35,67.6,72.1,41.7,40.4,0.92
2388915,14176,11609,3,2,6.0,10.0,6.0,10.0,-3.85,52.5,51.8,66.7,58.0,0.7
2388915,21971,11609,3,2,6.0,12.0,6.0,12.0,-6.93,62.7,64.7,41.7,51.0,0.61
2388915,7168,11609,3,2,2.0,12.0,2.0,12.0,-11.48,24.3,21.3,33.3,40.3,0.18
2388915,19509,13404,5,0,16.0,11.0,17.0,10.0,6.92,88.4,93.2,85.0,84.0,1.63
2388915,8371,13404,5,0,19.0,14.0,18.0,14.0,1.56,99.9,95.9,80.0,73.5,1.39
2388915,9254,13404,5,0,15.0,13.0,13.0,13.0,3.02,72.5,69.1,85.0,86.0,1.22
2388915,21239,13404,5,0,17.0,13.0,16.0,13.0,-2.96,86.8,82.9,80.0,83.5,1.16
2388915,18749,13404,5,0,11.0,14.0,11.0,14.0,1.14,58.7,60.5,90.0,97.2,1.1
2388915,8371,13404,5,1,14.0,4.0,13.0,5.0,11.09,150.4,135.6,100.0,89.7,2.46
2388915,19509,13404,5,1,7.0,2.0,7.0,2.0,5.76,83.1,78.7,100.0,88.9,1.58
2388915,21239,13404,5,1,9.0,3.0,7.0,3.0,1.67,118.2,97.9,100.0,89.8,1.46
2388915,9254,13404,5,1,6.0,2.0,4.0,2.0,3.98,84.0,70.1,100.0,90.2,1.28
2388915,18749,13404,5,1,3.0,4.0,3.0,4.0,-1.14,49.8,45.1,87.5,89.0,0.87
2388915,19509,13404,5,2,9.0,9.0,10.0,8.0,7.69,91.9,102.9,75.0,80.8,1.67
2388915,18749,13404,5,2,8.0,10.0,9.0,9.0,2.65,64.7,70.8,91.7,102.6,1.26
2388915,9254,13404,5,2,9.0,11.0,9.0,10.0,2.39,64.8,68.3,75.0,83.2,1.17
2388915,21239,13404,5,2,8.0,10.0,9.0,10.0,-6.05,65.9,73.0,66.7,79.4,0.96
2388915,8371,13404,5,2,5.0,10.0,5.0,9.0,-4.79,66.2,69.5,66.7,62.6,0.68
2388915,22481,11609,5,0,21.0,15.0,20.0,15.0,2.5,103.2,105.6,70.0,73.5,1.44
2388915,14176,11609,5,0,15.0,15.0,15.0,16.0,-0.5,77.9,79.4,75.0,67.2,1.0
2388915,19738,11609,5,0,11.0,17.0,11.0,17.0,-2.12,63.9,65.8,55.0,57.4,0.76
2388915,7168,11609,5,0,11.0,17.0,9.0,18.0,-4.79,83.7,77.9,60.0,56.3,0.75
2388915,21971,11609,5,0,7.0,15.0,7.0,14.0,-4.77,45.0,47.3,65.0,66.6,0.64
2388915,22481,11609,5,1,16.0,7.0,15.0,8.0,3.32,117.8,116.5,91.7,95.1,1.73
2388915,14176,11609,5,1,12.0,7.0,11.0,9.0,3.21,89.0,85.0,91.7,75.1,1.31
2388915,7168,11609,5,1,10.0,9.0,8.0,11.0,-1.52,128.8,118.8,91.7,84.7,1.13
2388915,21971,11609,5,1,5.0,7.0,5.0,8.0,-3.44,52.0,53.4,83.3,83.0,0.82
2388915,19738,11609,5,1,7.0,10.0,7.0,11.0,-3.48,62.0,61.7,66.7,68.1,0.7
2388915,22481,11609,5,2,5.0,8.0,5.0,7.0,1.26,81.2,89.2,37.5,41.1,1.01
2388915,19738,11609,5,2,4.0,7.0,4.0,6.0,-0.08,66.6,71.9,37.5,41.4,0.84
2388915,14176,11609,5,2,3.0,8.0,3.0,7.0,-6.07,61.2,70.9,50.0,55.4,0.53
2388915,21971,11609,5,2,2.0,8.0,2.0,7.0,-6.78,34.5,38.2,37.5,41.9,0.37
2388915,7168,11609,5,2,1.0,8.0,1.0,7.0,-9.7,15.9,16.5,12.5,13.7,0.18
2389436,18894,6033,0,0,30.0,35.0,32.0,35.0,0.0,81.8,83.4,65.1,66.2,1.07
2389436,17585,6033,0,0,24.0,35.0,26.0,34.0,-1.32,66.3,69.1,58.1,58.7,0.92
2389436,22956,6033,0,0,25.0,33.0,25.0,32.0,0.76,65.5,67.3,58.1,59.2,0.91
2389436,16814,6033,0,0,20.0,36.0,20.0,37.0,-6.26,58.9,59.4,53.5,58.5,0.58
2389436,18891,6033,0,0,14.0,36.0,15.0,33.0,-6.22,40.3,43.2,41.9,45.5,0.54
2389436,17585,6033,0,1,15.0,11.0,17.0,12.0,7.35,85.8,88.6,75.0,79.0,1.55
2389436,22956,6033,0,1,12.0,11.0,12.0,11.0,5.09,85.6,89.0,68.8,67.3,1.25
2389436,18894,6033,0,1,10.0,12.0,11.0,12.0,-1.71,82.2,86.8,75.0,73.9,1.03
2389436,18891,6033,0,1,8.0,10.0,9.0,9.0,-2.24,49.3,51.7,56.2,60.7,0.82
2389436,16814,6033,0,1,5.0,12.0,5.0,13.0,-9.37,45.8,47.3,43.8,46.3,0.38
2389436,18894,6033,0,2,20.0,23.0,20.0,23.0,1.02,81.6,81.4,59.3,61.7,1.1
2389436,22956,6033,0,2,13.0,22.0,13.0,21.0,-1.8,53.6,54.5,51.9,54.4,0.71
2389436,16814,6033,0,2,15.0,24.0,15.0,24.0,-4.42,66.7,66.6,59.3,65.7,0.69
2389436,17585,6033,0,2,9.0,24.0,9.0,22.0,-6.45,54.7,57.5,48.1,46.7,0.55
2389436,18891,6033,0,2,6.0,26.0,7.0,24.0,-8.58,35.0,38.2,33.3,36.5,0.37
2389436,14736,9996,0,0,42.0,17.0,41.0,18.0,4.48,94.4,88.5,79.1,78.4,1.57
2389436,14737,9996,0,0,38.0,18.0,33.0,20.0,5.16,76.4,69.1,81.4,76.0,1.37
2389436,22613,9996,0,0,35.0,26.0,35.0,28.0,2.61,92.9,89.3,74.4,81.6,1.35
2389436,20394,9996,0,0,30.0,28.0,31.0,29.0,1.46,82.2,82.3,76.7,79.7,1.2
2389436,12092,9996,0,0,28.0,24.0,28.0,26.0,-0.67,71.8,72.3,79.1,78.9,1.08
2389436,14736,9996,0,1,33.0,8.0,31.0,9.0,10.26,112.4,103.7,85.2,84.1,1.98
2389436,22613,9996,0,1,25.0,14.0,25.0,15.0,4.68,99.6,96.3,85.2,84.0,1.52
2389436,14737,9996,0,1,26.0,10.0,21.0,11.0,6.26,81.9,72.1,85.2,76.4,1.47
2389436,20394,9996,0,1,17.0,16.0,18.0,17.0,0.82,79.3,81.3,81.5,85.6,1.13
2389436,12092,9996,0,1,17.0,15.0,18.0,16.0,-1.77,71.6,74.2,85.2,84.9,1.07
2389436,20394,9996,0,2,13.0,12.0,13.0,12.0,2.55,87.1,84.0,68.8,69.8,1.32
2389436,14737,9996,0,2,12.0,8.0,11.0,9.0,3.31,67.2,64.1,75.0,75.2,1.22
2389436,12092,9996,0,2,11.0,9.0,10.0,10.0,1.17,72.2,68.9,68.8,68.8,1.1
2389436,22613,9996,0,2,10.0,12.0,10.0,12.0,-0.87,81.6,77.6,56.2,77.5,1.06
2389436,14736,9996,0,2,9.0,9.0,9.0,9.0,-5.28,63.9,62.8,68.8,68.8,0.87
2389436,16814,6033,6,0,5.0,12.0,5.0,12.0,-6.02,56.2,57.7,46.2,51.4,0.52
2389436,18894,6033,6,0,5.0,13.0,5.0,12.0,-7.12,50.0,52.6,46.2,52.2,0.51
2389436,18891,6033,6,0,3.0,13.0,3.0,11.0,-11.51,40.5,47.5,23.1,26.6,0.44
2389436,17585,6033,6,0,2.0,13.0,3.0,12.0,-6.75,41.2,46.1,38.5,35.7,0.33
2389436,22956,6033,6,0,3.0,12.0,3.0,11.0,-8.13,35.2,36.8,30.8,24.5,0.3
2389436,18891,6033,6,1,2.0,1.0,2.0,1.0,9.02,243.0,248.8,100.0,108.1,3.7
2389436,18894,6033,6,1,0.0,1.0,0.0,1.0,-17.75,15.0,15.4,100.0,108.1,0.32
2389436,22956,6033,6,1,0.0,1.0,0.0,1.0,-1.95,32.0,32.8,0.0,0.0,0.32
2389436,17585,6033,6,1,0.0,1.0,0.0,1.0,-13.33,47.0,48.1,0.0,0.0,0.15
2389436,16814,6033,6,1,0.0,1.0,0.0,1.0,-28.0,0.0,0.0,0.0,0.0,0.02
2389436,16814,6033,6,2,5.0,11.0,5.0,11.0,-4.18,60.8,62.5,50.0,55.6,0.57
2389436,18894,6033,6,2,5.0,12.0,5.0,11.0,-6.23,52.9,55.7,41.7,47.5,0.52
2389436,17585,6033,6,2,2.0,12.0,3.0,10.0,-6.2,40.8,45.9,41.7,38.6,0.35
2389436,22956,6033,6,2,3.0,11.0,3.0,10.0,-8.65,35.4,37.2,33.3,26.6,0.3
2389436,18891,6033,6,2,1.0,12.0,1.0,10.0,-13.22,23.7,30.8,16.7,19.8,0.17
2389436,14736,9996,6,0,18.0,1.0,16.0,1.0,13.17,116.5,102.7,92.3,87.9,2.36
2389436,12092,9996,6,0,11.0,4.0,11.0,5.0,6.34,90.3,86.0,92.3,89.1,1.7
2389436,22613,9996,6,0,12.0,6.0,12.0,7.0,4.94,94.2,87.8,100.0,97.2,1.66
2389436,14737,9996,6,0,12.0,3.0,9.0,3.0,9.16,81.2,67.4,92.3,88.1,1.61
2389436,20394,9996,6,0,10.0,4.0,10.0,5.0,5.92,104.2,100.7,100.0,96.9,1.59
2389436,14736,9996,6,1,18.0,0.0,16.0,0.0,16.17,126.2,111.2,100.0,95.2,2.55
2389436,22613,9996,6,1,11.0,5.0,11.0,6.0,3.8,93.8,86.8,100.0,96.0,1.58
2389436,14737,9996,6,1,11.0,3.0,8.0,3.0,8.84,79.9,64.9,91.7,86.2,1.55
2389436,20394,9996,6,1,9.0,4.0,9.0,5.0,5.39,105.5,101.8,100.0,95.7,1.54
2389436,12092,9996,6,1,9.0,4.0,9.0,5.0,4.28,80.2,75.4,91.7,87.3,1.49
2389436,12092,9996,6,2,2.0,0.0,2.0,0.0,30.97,212.0,213.1,100.0,110.9,4.3
2389436,22613,9996,6,2,1.0,1.0,1.0,1.0,18.67,99.0,99.5,100.0,110.9,2.58
2389436,14737,9996,6,2,1.0,0.0,1.0,0.0,12.92,97.0,97.5,100.0,110.9,2.31
2389436,20394,9996,6,2,1.0,0.0,1.0,0.0,12.31,88.0,88.5,100.0,110.9,2.24
2389436,14736,9996,6,2,0.0,1.0,0.0,1.0,-22.86,0.0,0.0,0.0,0.0,0.03
2389436,18894,6033,4,0,25.0,22.0,26.0,22.0,3.09,95.6,96.8,73.3,72.3,1.39
2389436,22956,6033,4,0,22.0,21.0,22.0,22.0,4.62,78.7,80.6,70.0,74.3,1.23
2389436,17585,6033,4,0,22.0,22.0,23.0,22.0,1.04,77.1,79.0,66.7,68.7,1.19
2389436,18891,6033,4,0,11.0,23.0,12.0,22.0,-3.93,40.2,41.4,50.0,53.7,0.64
2389436,16814,6033,4,0,15.0,24.0,15.0,25.0,-6.37,60.1,60.2,56.7,61.6,0.61
2389436,17585,6033,4,1,15.0,10.0,17.0,11.0,8.73,88.3,91.2,80.0,84.2,1.7
2389436,22956,6033,4,1,12.0,10.0,12.0,10.0,5.56,89.2,92.7,73.3,71.8,1.34
2389436,18894,6033,4,1,10.0,11.0,11.0,11.0,-0.64,86.7,91.6,73.3,71.6,1.11
2389436,18891,6033,4,1,6.0,9.0,7.0,8.0,-2.99,36.4,38.5,53.3,57.6,0.71
2389436,16814,6033,4,1,5.0,11.0,5.0,12.0,-8.13,48.9,50.5,46.7,49.4,0.43
2389436,18894,6033,4,2,15.0,11.0,15.0,11.0,6.81,104.6,102.0,73.3,73.0,1.66
2389436,22956,6033,4,2,10.0,11.0,10.0,12.0,3.67,68.2,68.4,66.7,76.8,1.13
2389436,16814,6033,4,2,10.0,13.0,10.0,14.0,-4.62,71.3,69.9,66.7,73.8,0.78
2389436,17585,6033,4,2,7.0,12.0,7.0,12.0,-6.66,65.9,66.8,53.3,53.2,0.69
2389436,18891,6033,4,2,5.0,14.0,5.0,14.0,-4.88,44.1,44.2,46.7,49.9,0.56
2389436,14737,9996,4,0,26.0,15.0,24.0,17.0,3.43,74.4,69.9,76.7,70.7,1.28
2389436,14736,9996,4,0,24.0,16.0,25.0,17.0,0.71,84.8,82.4,73.3,74.3,1.25
2389436,22613,9996,4,0,23.0,20.0,23.0,20.0,1.6,92.3,90.0,63.3,74.9,1.23
2389436,20394,9996,4,0,20.0,24.0,21.0,24.0,-0.47,72.7,74.3,66.7,72.3,1.05
2389436,12092,9996,4,0,17.0,20.0,17.0,21.0,-3.71,63.8,66.3,73.3,74.5,0.86
2389436,14736,9996,4,1,15.0,8.0,15.0,9.0,5.53,101.5,97.7,73.3,75.2,1.53
2389436,22613,9996,4,1,14.0,9.0,14.0,9.0,5.38,104.3,103.9,73.3,74.4,1.47
2389436,14737,9996,4,1,15.0,7.0,14.0,8.0,4.2,83.5,77.8,80.0,68.6,1.41
2389436,20394,9996,4,1,8.0,12.0,9.0,12.0,-2.84,58.4,64.9,66.7,77.5,0.84
2389436,12092,9996,4,1,8.0,11.0,9.0,11.0,-6.61,64.7,73.3,80.0,83.0,0.79
2389436,20394,9996,4,2,12.0,12.0,12.0,12.0,1.9,87.0,83.7,66.7,67.1,1.26
2389436,14737,9996,4,2,11.0,8.0,10.0,9.0,2.67,65.3,61.9,73.3,72.8,1.15
2389436,22613,9996,4,2,9.0,11.0,8.0,11.0,-2.17,80.4,76.1,53.3,75.3,0.99
2389436,14736,9996,4,2,9.0,8.0,9.0,8.0,-4.11,68.2,67.0,73.3,73.4,0.97
2389436,12092,9996,4,2,9.0,9.0,8.0,10.0,-0.82,62.9,59.3,66.7,66.0,0.93
2388912,7998,12878,0,0,73.0,39.0,65.0,43.0,5.42,101.6,94.4,81.5,77.9,1.57
2388912,8918,12878,0,0,44.0,37.0,43.0,39.0,-0.32,75.6,72.7,72.3,70.5,1.05
2388912,22807,12878,0,0,35.0,44.0,35.0,45.0,-0.14,71.6,72.0,75.4,65.5,0.98
2388912,23140,12878,0,0,38.0,46.0,40.0,47.0,-1.63,61.5,64.6,73.8,73.7,0.9
2388912,630,12878,0,0,24.0,42.0,26.0,45.0,-3.61,48.5,50.4,67.7,66.6,0.73
2388912,7998,12878,0,1,45.0,18.0,37.0,21.0,5.74,109.1,98.1,85.3,76.3,1.67
2388912,8918,12878,0,1,22.0,18.0,21.0,20.0,-1.72,73.2,68.8,73.5,67.1,0.93
2388912,23140,12878,0,1,17.0,18.0,18.0,19.0,-1.5,60.7,62.1,79.4,75.3,0.92
2388912,22807,12878,0,1,17.0,20.0,17.0,22.0,-2.08,70.9,69.3,76.5,58.6,0.86
2388912,630,12878,0,1,14.0,20.0,16.0,23.0,-4.93,46.9,47.5,70.6,65.5,0.68
2388912,7998,12878,0,2,28.0,21.0,28.0,22.0,5.06,93.3,90.2,77.4,79.6,1.46
2388912,8918,12878,0,2,22.0,19.0,22.0,19.0,1.23,78.3,77.0,71.0,74.1,1.18
2388912,22807,12878,0,2,18.0,24.0,19.0,23.0,1.99,72.4,74.9,74.2,73.0,1.1
2388912,23140,12878,0,2,21.0,28.0,23.0,28.0,-1.78,62.4,67.2,67.7,71.8,0.89
2388912,630,12878,0,2,10.0,22.0,11.0,22.0,-2.17,50.3,53.5,64.5,67.8,0.78
2388912,22536,13355,0,0,44.0,32.0,45.0,33.0,6.8,68.0,70.2,83.1,73.4,1.41
2388912,22930,13355,0,0,42.0,44.0,45.0,45.0,0.18,76.7,77.6,70.8,66.0,1.06
2388912,18670,13355,0,0,41.0,47.0,43.0,46.0,-1.08,66.5,68.9,64.6,64.9,0.97
2388912,23047,13355,0,0,43.0,47.0,42.0,48.0,-1.71,67.0,64.3,69.2,69.0,0.93
2388912,24485,13355,0,0,37.0,45.0,39.0,46.0,-3.91,64.5,67.5,66.2,63.6,0.82
2388912,22536,13355,0,1,29.0,15.0,29.0,17.0,8.95,97.8,99.2,93.5,84.4,1.71
2388912,22930,13355,0,1,22.0,20.0,24.0,22.0,0.48,87.8,90.0,83.9,77.3,1.15
2388912,23047,13355,0,1,24.0,22.0,23.0,23.0,-3.75,74.3,68.4,77.4,71.6,0.9
2388912,18670,13355,0,1,20.0,23.0,21.0,25.0,-4.56,71.5,71.6,71.0,67.4,0.82
2388912,24485,13355,0,1,18.0,20.0,18.0,22.0,-5.46,57.7,57.1,67.7,61.1,0.73
2388912,22536,13355,0,2,15.0,17.0,16.0,16.0,4.85,40.8,43.6,73.5,63.3,1.13
2388912,18670,13355,0,2,21.0,24.0,23.0,21.0,2.09,61.9,66.4,58.8,62.7,1.1
2388912,22930,13355,0,2,20.0,24.0,21.0,23.0,-0.1,66.5,66.3,58.8,55.7,0.98
2388912,23047,13355,0,2,19.0,25.0,19.0,24.0,0.15,60.4,60.6,61.8,66.7,0.97
2388912,24485,13355,0,2,19.0,25.0,21.0,24.0,-2.49,70.6,77.0,64.7,65.8,0.91
2388912,7998,12878,5,0,32.0,11.0,28.0,14.0,13.34,150.6,136.6,89.5,80.5,2.5
2388912,630,12878,5,0,12.0,12.0,13.0,14.0,4.68,68.2,68.5,84.2,75.3,1.34
2388912,8918,12878,5,0,16.0,11.0,14.0,13.0,-0.16,86.4,78.6,73.7,72.0,1.13
2388912,22807,12878,5,0,9.0,13.0,9.0,15.0,-2.83,60.9,60.0,78.9,69.6,0.9
2388912,23140,12878,5,0,9.0,13.0,9.0,15.0,-4.41,57.1,56.2,68.4,66.9,0.73
2388912,7998,12878,5,1,24.0,7.0,20.0,9.0,11.86,163.7,143.3,91.7,87.1,2.58
2388912,23140,12878,5,1,6.0,6.0,7.0,7.0,-0.21,70.9,71.8,75.0,72.5,0.99
2388912,8918,12878,5,1,9.0,7.0,8.0,8.0,-2.5,78.2,71.4,75.0,73.8,0.9
2388912,630,12878,5,1,5.0,6.0,6.0,8.0,-2.76,47.6,46.7,83.3,69.3,0.78
2388912,22807,12878,5,1,3.0,8.0,3.0,9.0,-7.71,42.9,40.9,75.0,60.8,0.52
2388912,7998,12878,5,2,8.0,4.0,8.0,4.0,15.87,128.1,125.0,85.7,69.0,2.37
2388912,630,12878,5,2,7.0,6.0,8.0,7.0,17.45,103.6,105.9,85.7,85.6,2.31
2388912,22807,12878,5,2,6.0,5.0,6.0,5.0,5.53,91.7,92.9,85.7,84.8,1.54
2388912,8918,12878,5,2,7.0,4.0,6.0,5.0,3.85,100.6,91.1,71.4,69.0,1.52
2388912,23140,12878,5,2,3.0,7.0,3.0,8.0,-11.62,33.4,29.4,57.1,57.2,0.29
2388912,22536,13355,5,0,13.0,14.0,14.0,14.0,6.64,67.1,70.7,73.7,77.3,1.36
2388912,23047,13355,5,0,12.0,16.0,13.0,15.0,-0.87,65.6,70.5,68.4,76.4,1.03
2388912,22930,13355,5,0,13.0,15.0,16.0,15.0,-2.41,64.5,72.5,63.2,65.2,0.99
2388912,18670,13355,5,0,14.0,17.0,16.0,17.0,-4.75,74.1,80.6,57.9,70.1,0.97
2388912,24485,13355,5,0,8.0,17.0,10.0,17.0,-9.22,66.9,76.9,68.4,77.3,0.69
2388912,22536,13355,5,1,8.0,6.0,8.0,6.0,11.66,122.0,124.3,85.7,93.0,1.96
2388912,22930,13355,5,1,5.0,6.0,6.0,6.0,-6.56,72.7,84.4,71.4,77.2,0.93
2388912,18670,13355,5,1,6.0,7.0,7.0,8.0,-9.3,90.3,96.1,71.4,76.1,0.92
2388912,23047,13355,5,1,4.0,6.0,4.0,6.0,-10.93,53.0,53.5,71.4,77.5,0.59
2388912,24485,13355,5,1,3.0,7.0,4.0,8.0,-15.96,55.7,64.0,85.7,96.8,0.53
2388912,23047,13355,5,2,8.0,10.0,9.0,10.0,5.0,72.9,80.4,66.7,75.8,1.3
2388912,22930,13355,5,2,8.0,9.0,9.0,9.0,0.0,59.8,65.5,58.3,58.1,1.03
2388912,22536,13355,5,2,5.0,8.0,6.0,7.0,3.71,35.1,39.3,66.7,68.1,1.02
2388912,18670,13355,5,2,8.0,10.0,9.0,9.0,-2.1,64.7,71.6,50.0,66.5,1.0
2388912,24485,13355,5,2,5.0,10.0,6.0,9.0,-5.28,73.4,84.5,58.3,65.9,0.79
2388912,23140,12878,7,0,22.0,15.0,24.0,14.0,3.59,72.7,80.7,77.3,83.5,1.47
2388912,8918,12878,7,0,11.0,12.0,11.0,12.0,0.45,68.5,66.3,72.7,72.0,0.98
2388912,7998,12878,7,0,12.0,14.0,11.0,15.0,-1.29,64.3,62.2,77.3,80.1,0.91
2388912,22807,12878,7,0,9.0,14.0,9.0,13.0,-2.61,63.1,65.3,77.3,66.6,0.84
2388912,630,12878,7,0,7.0,12.0,8.0,12.0,-5.35,43.8,49.0,63.6,67.1,0.67
2388912,23140,12878,7,1,8.0,5.0,8.0,5.0,2.54,70.7,74.6,80.0,82.6,1.31
2388912,7998,12878,7,1,7.0,6.0,6.0,7.0,-1.3,64.3,59.7,80.0,69.0,0.87
2388912,8918,12878,7,1,5.0,5.0,5.0,6.0,-1.29,77.9,69.9,80.0,70.1,0.86
2388912,22807,12878,7,1,5.0,4.0,5.0,4.0,-3.6,74.4,74.8,80.0,47.6,0.86
2388912,630,12878,7,1,4.0,5.0,5.0,6.0,-6.06,37.1,39.2,60.0,59.7,0.62
2388912,23140,12878,7,2,14.0,10.0,16.0,9.0,4.47,74.4,85.7,75.0,84.2,1.62
2388912,8918,12878,7,2,6.0,7.0,6.0,6.0,1.89,60.6,63.3,66.7,73.6,1.08
2388912,7998,12878,7,2,5.0,8.0,5.0,8.0,-1.29,64.3,64.2,75.0,89.3,0.94
2388912,22807,12878,7,2,4.0,10.0,4.0,9.0,-1.78,53.8,57.4,75.0,82.4,0.82
2388912,630,12878,7,2,3.0,7.0,3.0,6.0,-4.75,49.4,57.2,66.7,73.3,0.71
2388912,22536,13355,7,0,15.0,7.0,14.0,8.0,7.74,76.4,76.7,90.9,72.7,1.49
2388912,22930,13355,7,0,17.0,13.0,17.0,14.0,6.44,82.7,80.4,72.7,67.0,1.41
2388912,23047,13355,7,0,16.0,14.0,15.0,15.0,-0.65,71.5,64.8,77.3,73.0,1.07
2388912,18670,13355,7,0,10.0,14.0,10.0,14.0,-3.67,53.4,53.2,68.2,58.8,0.83
2388912,24485,13355,7,0,9.0,13.0,8.0,14.0,-4.66,39.9,37.4,63.6,49.3,0.56
2388912,22536,13355,7,1,12.0,4.0,11.0,5.0,10.39,108.8,106.1,100.0,80.3,1.87
2388912,22930,13355,7,1,11.0,8.0,11.0,9.0,6.25,95.2,91.4,83.3,72.9,1.46
2388912,23047,13355,7,1,11.0,7.0,10.0,8.0,0.09,88.0,77.4,91.7,81.0,1.21
2388912,24485,13355,7,1,5.0,5.0,4.0,6.0,-3.76,39.2,34.0,66.7,46.7,0.64
2388912,18670,13355,7,1,3.0,8.0,3.0,9.0,-11.51,45.4,44.2,66.7,57.0,0.44
2388912,22930,13355,7,2,6.0,5.0,6.0,5.0,6.67,67.8,67.2,60.0,60.0,1.34
2388912,18670,13355,7,2,7.0,6.0,7.0,5.0,5.75,63.0,64.0,70.0,61.1,1.3
2388912,22536,13355,7,2,3.0,3.0,3.0,3.0,4.55,37.4,41.6,80.0,63.5,1.04
2388912,23047,13355,7,2,5.0,7.0,5.0,7.0,-1.53,51.7,49.7,60.0,63.5,0.9
2388912,24485,13355,7,2,4.0,8.0,4.0,9.0,-5.74,40.6,41.5,60.0,52.4,0.46
2388912,7998,12878,3,0,29.0,14.0,27.0,15.0,5.29,96.9,90.5,79.2,73.8,1.55
2388912,22807,12878,3,0,17.0,17.0,17.0,17.0,4.26,87.9,87.5,70.8,61.2,1.24
2388912,8918,12878,3,0,17.0,14.0,18.0,14.0,-1.14,73.7,73.8,70.8,67.8,1.04
2388912,23140,12878,3,0,7.0,18.0,7.0,18.0,-4.22,54.7,56.4,75.0,70.0,0.64
2388912,630,12878,3,0,5.0,18.0,5.0,19.0,-8.59,37.3,37.2,58.3,59.2,0.46
2388912,7998,12878,3,1,14.0,5.0,12.0,5.0,5.48,91.8,85.0,83.3,71.7,1.56
2388912,22807,12878,3,1,9.0,8.0,9.0,9.0,4.83,95.9,93.0,75.0,65.6,1.3
2388912,8918,12878,3,1,8.0,6.0,8.0,6.0,-1.31,64.2,65.2,66.7,58.0,0.99
2388912,630,12878,3,1,5.0,9.0,5.0,10.0,-6.16,54.5,55.3,66.7,66.4,0.62
2388912,23140,12878,3,1,3.0,7.0,3.0,7.0,-6.16,42.2,42.0,83.3,72.0,0.57
2388912,7998,12878,3,2,15.0,9.0,15.0,9.0,5.11,102.0,96.0,75.0,75.9,1.54
2388912,22807,12878,3,2,8.0,9.0,8.0,8.0,3.69,79.8,82.0,66.7,56.7,1.19
2388912,8918,12878,3,2,9.0,8.0,9.0,8.0,-0.97,83.1,82.4,75.0,77.6,1.1
2388912,23140,12878,3,2,4.0,11.0,4.0,11.0,-2.28,67.2,70.9,66.7,68.0,0.71
2388912,630,12878,3,2,0.0,9.0,0.0,9.0,-11.02,20.1,19.1,50.0,52.0,0.3
2388912,22536,13355,3,0,16.0,11.0,17.0,11.0,6.08,61.0,63.7,83.3,70.9,1.36
2388912,24485,13355,3,0,20.0,15.0,21.0,16.0,0.99,85.1,87.6,66.7,65.7,1.26
2388912,18670,13355,3,0,17.0,16.0,18.0,15.0,4.2,72.4,74.0,66.7,66.5,1.21
2388912,22930,13355,3,0,12.0,16.0,12.0,17.0,-3.52,80.8,79.3,75.0,65.7,0.85
2388912,23047,13355,3,0,15.0,17.0,13.0,17.0,-3.36,64.1,58.9,62.5,59.5,0.77
2388912,22536,13355,3,1,9.0,5.0,10.0,5.0,5.94,72.7,77.8,91.7,83.5,1.43
2388912,18670,13355,3,1,11.0,8.0,11.0,8.0,5.16,86.6,84.8,75.0,72.7,1.34
2388912,24485,13355,3,1,10.0,8.0,10.0,9.0,-1.03,77.4,76.2,58.3,54.6,1.04
2388912,22930,13355,3,1,6.0,6.0,7.0,7.0,-1.19,89.3,92.0,91.7,81.7,1.01
2388912,23047,13355,3,1,9.0,9.0,8.0,10.0,-3.4,73.1,68.0,66.7,58.7,0.8
2388912,24485,13355,3,2,10.0,7.0,11.0,7.0,3.01,92.8,99.0,75.0,76.9,1.47
2388912,22536,13355,3,2,7.0,6.0,7.0,6.0,6.23,49.3,49.7,75.0,58.3,1.28
2388912,18670,13355,3,2,6.0,8.0,7.0,7.0,3.23,58.2,63.2,58.3,60.2,1.07
2388912,23047,13355,3,2,6.0,8.0,5.0,8.0,-3.31,55.2,49.9,58.3,60.2,0.75
2388912,22930,13355,3,2,6.0,10.0,5.0,10.0,-5.84,72.2,66.5,58.3,49.7,0.68
2388932,19869,9455,0,0,47.0,43.0,44.0,44.0,1.44,62.2,61.5,74.2,78.7,1.09
2388932,12822,9455,0,0,42.0,47.0,42.0,47.0,0.76,80.8,80.1,68.2,72.6,1.08
2388932,22564,9455,0,0,51.0,50.0,49.0,50.0,-1.84,85.9,83.3,68.2,69.0,1.01
2388932,18676,9455,0,0,39.0,44.0,40.0,43.0,-0.98,62.7,62.4,69.7,70.1,0.96
2388932,10566,9455,0,0,37.0,49.0,39.0,48.0,-1.67,64.3,65.4,69.7,63.2,0.87
2388932,19869,9455,0,1,29.0,21.0,25.0,22.0,3.12,71.2,66.7,74.3,79.2,1.17
2388932,10566,9455,0,1,24.0,21.0,25.0,22.0,1.51,75.6,76.6,85.7,72.8,1.07
2388932,12822,9455,0,1,23.0,23.0,22.0,24.0,0.72,85.1,82.3,65.7,66.3,1.04
2388932,22564,9455,0,1,26.0,24.0,24.0,25.0,-2.88,88.8,85.3,68.6,66.8,0.95
2388932,18676,9455,0,1,15.0,23.0,17.0,24.0,-3.55,40.9,42.4,65.7,63.2,0.67
2388932,18676,9455,0,2,24.0,21.0,23.0,19.0,1.91,87.4,85.1,74.2,77.8,1.28
2388932,12822,9455,0,2,19.0,24.0,19.0,23.0,0.81,76.1,77.7,71.0,79.8,1.13
2388932,22564,9455,0,2,25.0,26.0,25.0,25.0,-0.67,82.6,81.0,67.7,71.6,1.06
2388932,19869,9455,0,2,18.0,22.0,19.0,21.0,-0.46,52.1,55.7,74.2,78.3,0.99
2388932,10566,9455,0,2,13.0,28.0,14.0,26.0,-5.26,51.5,52.7,51.6,52.4,0.64
2388932,18865,7176,0,0,54.0,46.0,55.0,47.0,0.45,83.9,82.0,80.3,73.9,1.21
2388932,20939,7176,0,0,51.0,41.0,47.0,44.0,1.81,70.4,66.8,71.2,71.4,1.1
2388932,20026,7176,0,0,48.0,46.0,48.0,46.0,0.6,75.3,75.2,74.2,70.6,1.08
2388932,19750,7176,0,0,37.0,42.0,35.0,41.0,0.49,75.1,75.3,69.7,72.8,1.04
2388932,20085,7176,0,0,41.0,41.0,38.0,41.0,-1.36,69.2,65.3,69.7,63.8,0.91
2388932,18865,7176,0,1,32.0,19.0,33.0,21.0,2.53,94.5,92.2,87.1,79.1,1.43
2388932,20939,7176,0,1,27.0,20.0,24.0,24.0,3.43,83.2,76.8,77.4,71.0,1.16
2388932,20085,7176,0,1,27.0,18.0,25.0,19.0,0.07,88.3,81.5,80.6,72.0,1.11
2388932,20026,7176,0,1,21.0,22.0,20.0,23.0,0.28,78.2,77.5,77.4,76.5,1.03
2388932,19750,7176,0,1,14.0,20.0,13.0,19.0,-2.65,67.9,68.9,67.7,67.1,0.76
2388932,19750,7176,0,2,23.0,22.0,23.0,22.0,3.27,81.4,81.0,71.4,77.9,1.28
2388932,20026,7176,0,2,27.0,24.0,27.0,23.0,0.88,72.9,73.2,71.4,65.4,1.13
2388932,20939,7176,0,2,24.0,21.0,24.0,21.0,0.38,59.1,57.9,65.7,71.7,1.05
2388932,18865,7176,0,2,22.0,27.0,22.0,26.0,-1.39,74.6,72.9,74.3,69.3,1.01
2388932,20085,7176,0,2,14.0,23.0,13.0,22.0,-2.63,52.2,50.9,60.0,56.5,0.74
2388932,19869,9455,5,0,18.0,15.0,17.0,15.0,2.45,86.2,85.6,70.0,80.4,1.31
2388932,18676,9455,5,0,13.0,14.0,14.0,13.0,-0.2,69.8,74.0,70.0,74.6,1.06
2388932,22564,9455,5,0,11.0,15.0,11.0,14.0,-1.6,59.0,57.7,65.0,69.5,0.81
2388932,10566,9455,5,0,10.0,17.0,11.0,16.0,-3.87,64.8,67.3,60.0,63.1,0.76
2388932,12822,9455,5,0,9.0,15.0,9.0,14.0,-4.78,53.5,54.2,60.0,65.3,0.71
2388932,19869,9455,5,1,12.0,7.0,11.0,7.0,6.03,97.4,89.1,75.0,85.5,1.52
2388932,18676,9455,5,1,8.0,7.0,8.0,7.0,5.43,56.8,60.1,66.7,68.1,1.17
2388932,22564,9455,5,1,8.0,7.0,7.0,7.0,0.18,71.8,66.0,75.0,67.8,0.99
2388932,12822,9455,5,1,6.0,7.0,6.0,7.0,-1.35,55.3,56.2,66.7,68.7,0.84
2388932,10566,9455,5,1,6.0,9.0,6.0,9.0,-1.02,66.8,67.5,75.0,77.7,0.84
2388932,19869,9455,5,2,6.0,8.0,7.0,7.0,-2.92,69.2,80.3,62.5,72.6,0.98
2388932,18676,9455,5,2,5.0,7.0,6.0,6.0,-8.63,89.1,94.8,75.0,84.2,0.89
2388932,10566,9455,5,2,4.0,8.0,4.0,7.0,-8.14,61.8,66.9,37.5,41.1,0.64
2388932,22564,9455,5,2,3.0,8.0,4.0,7.0,-4.27,39.9,45.2,50.0,72.0,0.56
2388932,12822,9455,5,2,3.0,8.0,3.0,7.0,-9.93,50.8,51.4,50.0,60.1,0.52
2388932,20085,7176,5,0,15.0,9.0,15.0,9.0,4.61,77.1,72.8,80.0,70.5,1.4
2388932,20939,7176,5,0,18.0,11.0,16.0,12.0,4.48,85.5,77.4,70.0,65.8,1.3
2388932,20026,7176,5,0,17.0,13.0,17.0,14.0,-0.75,79.8,75.9,80.0,70.4,1.08
2388932,19750,7176,5,0,9.0,13.0,8.0,13.0,0.57,75.5,75.7,75.0,76.6,1.02
2388932,18865,7176,5,0,15.0,15.0,14.0,16.0,-1.91,72.5,66.4,65.0,60.4,0.94
2388932,20085,7176,5,1,12.0,2.0,12.0,2.0,17.59,129.0,122.0,100.0,90.9,2.62
2388932,20939,7176,5,1,10.0,3.0,8.0,4.0,12.65,126.5,110.0,87.5,79.8,1.96
2388932,20026,7176,5,1,8.0,6.0,7.0,7.0,3.93,96.4,86.3,87.5,77.0,1.3
2388932,18865,7176,5,1,7.0,5.0,6.0,6.0,2.58,76.2,70.7,87.5,79.9,1.19
2388932,19750,7176,5,1,2.0,5.0,2.0,5.0,-2.86,48.6,47.3,87.5,78.6,0.69
2388932,19750,7176,5,2,7.0,8.0,6.0,7.0,2.85,93.5,94.7,66.7,75.3,1.25
2388932,20026,7176,5,2,9.0,7.0,9.0,7.0,-3.87,68.7,68.9,75.0,65.9,0.93
2388932,20939,7176,5,2,8.0,8.0,8.0,8.0,-0.97,58.2,55.7,58.3,56.4,0.85
2388932,18865,7176,5,2,8.0,10.0,8.0,10.0,-4.91,70.0,63.5,50.0,47.5,0.77
2388932,20085,7176,5,2,3.0,7.0,3.0,7.0,-4.05,42.5,40.0,66.7,56.8,0.59
2388932,12822,9455,2,0,17.0,17.0,17.0,17.0,4.04,104.5,102.1,78.3,85.9,1.41
2388932,18676,9455,2,0,15.0,15.0,15.0,15.0,2.1,64.1,62.2,82.6,80.2,1.22
2388932,10566,9455,2,0,17.0,16.0,18.0,15.0,2.41,71.9,72.8,69.6,61.7,1.18
2388932,19869,9455,2,0,18.0,14.0,17.0,15.0,1.63,61.0,60.5,73.9,75.9,1.14
2388932,22564,9455,2,0,18.0,18.0,18.0,18.0,-3.14,84.3,83.5,65.2,61.1,0.97
2388932,10566,9455,2,1,11.0,5.0,12.0,5.0,6.68,82.5,84.4,90.9,75.3,1.59
2388932,19869,9455,2,1,11.0,6.0,10.0,7.0,5.08,76.9,74.6,81.8,82.9,1.39
2388932,12822,9455,2,1,9.0,8.0,9.0,9.0,0.21,121.2,115.3,81.8,92.6,1.32
2388932,22564,9455,2,1,10.0,8.0,9.0,9.0,-4.61,105.1,97.7,63.6,61.9,1.01
2388932,18676,9455,2,1,3.0,7.0,3.0,8.0,-5.66,28.3,28.1,81.8,73.4,0.53
2388932,18676,9455,2,2,12.0,8.0,12.0,7.0,9.21,97.0,93.4,83.3,86.4,1.85
2388932,12822,9455,2,2,8.0,9.0,8.0,9.0,7.55,89.2,90.0,75.0,79.7,1.49
2388932,22564,9455,2,2,8.0,10.0,9.0,9.0,-1.8,65.2,70.4,66.7,60.5,0.94
2388932,19869,9455,2,2,7.0,8.0,7.0,8.0,-1.53,46.4,47.6,66.7,69.5,0.91
2388932,10566,9455,2,2,6.0,11.0,6.0,10.0,-1.5,62.2,62.2,50.0,49.2,0.81
2388932,20026,7176,2,0,23.0,18.0,22.0,18.0,4.92,103.5,103.3,69.6,69.6,1.49
2388932,18865,7176,2,0,15.0,17.0,15.0,18.0,-1.64,79.9,78.8,91.3,79.0,0.98
2388932,20939,7176,2,0,15.0,16.0,14.0,17.0,-2.27,56.6,55.1,73.9,83.1,0.88
2388932,19750,7176,2,0,14.0,15.0,14.0,15.0,-4.01,67.7,67.1,60.9,69.9,0.88
2388932,20085,7176,2,0,13.0,19.0,12.0,19.0,-4.04,62.4,57.5,52.2,45.6,0.66
2388932,20026,7176,2,1,10.0,8.0,10.0,8.0,0.29,87.9,87.9,75.0,74.0,1.15
2388932,18865,7176,2,1,11.0,7.0,11.0,8.0,-1.85,96.3,90.6,100.0,80.4,1.12
2388932,20939,7176,2,1,9.0,9.0,8.0,11.0,-0.68,64.4,61.9,83.3,80.1,0.9
2388932,19750,7176,2,1,8.0,7.0,7.0,7.0,-3.76,81.8,79.3,58.3,56.1,0.84
2388932,20085,7176,2,1,8.0,10.0,7.0,11.0,-5.92,68.2,58.9,66.7,54.7,0.59
2388932,20026,7176,2,2,13.0,10.0,12.0,10.0,9.98,120.5,120.1,63.6,64.7,1.87
2388932,19750,7176,2,2,6.0,8.0,6.0,8.0,-4.29,52.3,53.7,63.6,85.0,0.92
2388932,20939,7176,2,2,6.0,7.0,6.0,6.0,-4.0,48.0,47.7,63.6,86.4,0.86
2388932,18865,7176,2,2,4.0,10.0,5.0,10.0,-1.41,61.9,65.9,81.8,77.4,0.82
2388932,20085,7176,2,2,5.0,9.0,5.0,8.0,-1.99,56.2,56.0,36.4,35.6,0.72
2388932,22564,9455,6,0,22.0,17.0,20.0,18.0,-0.75,110.9,105.3,73.9,76.6,1.25
2388932,12822,9455,6,0,16.0,15.0,16.0,15.0,2.3,81.0,80.6,65.2,65.8,1.19
2388932,19869,9455,6,0,11.0,14.0,10.0,15.0,0.38,42.7,41.6,78.3,80.2,0.88
2388932,18676,9455,6,0,11.0,15.0,11.0,15.0,-4.75,55.2,52.6,56.5,56.1,0.76
2388932,10566,9455,6,0,10.0,16.0,10.0,17.0,-3.83,56.3,56.4,78.3,64.9,0.67
2388932,12822,9455,6,1,8.0,8.0,7.0,8.0,3.25,81.7,78.1,50.0,39.7,1.05
2388932,22564,9455,6,1,8.0,9.0,8.0,9.0,-4.35,90.8,93.1,66.7,70.3,0.9
2388932,10566,9455,6,1,7.0,7.0,7.0,8.0,-0.7,78.2,78.7,91.7,65.6,0.86
2388932,19869,9455,6,1,6.0,8.0,4.0,8.0,-1.58,39.8,37.2,66.7,69.4,0.7
2388932,18676,9455,6,1,4.0,9.0,5.0,9.0,-10.59,36.5,37.6,50.0,49.0,0.44
2388932,22564,9455,6,2,14.0,8.0,12.0,9.0,3.18,132.7,118.6,81.8,83.4,1.64
2388932,12822,9455,6,2,8.0,7.0,8.0,7.0,1.27,80.2,83.3,81.8,94.2,1.34
2388932,18676,9455,6,2,7.0,6.0,6.0,6.0,1.62,75.5,68.9,63.6,63.8,1.11
2388932,19869,9455,6,2,5.0,6.0,5.0,6.0,2.51,45.9,46.5,90.9,92.0,1.09
2388932,10566,9455,6,2,3.0,9.0,3.0,9.0,-7.25,32.4,32.1,63.6,64.1,0.47
2388932,18865,7176,6,0,24.0,14.0,26.0,14.0,4.6,98.0,98.6,82.6,80.5,1.71
2388932,19750,7176,6,0,14.0,14.0,13.0,14.0,4.92,82.0,83.3,73.9,72.5,1.28
2388932,20939,7176,6,0,18.0,14.0,17.0,15.0,3.56,71.1,69.3,69.6,64.5,1.22
2388932,20085,7176,6,0,13.0,13.0,12.0,13.0,-3.87,69.0,66.7,78.3,76.1,0.88
2388932,20026,7176,6,0,8.0,15.0,9.0,14.0,-2.56,43.4,46.6,73.9,71.8,0.78
2388932,18865,7176,6,1,14.0,7.0,16.0,7.0,7.29,105.6,109.5,72.7,77.1,1.98
2388932,20939,7176,6,1,8.0,8.0,7.0,9.0,1.19,72.1,69.0,63.6,54.6,0.92
2388932,20085,7176,6,1,7.0,6.0,6.0,6.0,-6.14,80.6,76.9,81.8,77.1,0.85
2388932,19750,7176,6,1,4.0,8.0,3.0,7.0,-1.28,66.7,73.3,63.6,70.8,0.75
2388932,20026,7176,6,1,3.0,8.0,3.0,7.0,-2.39,54.3,59.7,72.7,78.9,0.73
2388932,19750,7176,6,2,10.0,6.0,10.0,6.0,10.61,96.0,92.4,83.3,74.0,1.76
2388932,20939,7176,6,2,10.0,6.0,10.0,7.0,5.73,70.2,69.5,75.0,73.6,1.49
2388932,18865,7176,6,2,10.0,7.0,10.0,7.0,2.13,90.9,88.7,91.7,83.6,1.46
2388932,20085,7176,6,2,6.0,7.0,6.0,7.0,-1.78,58.2,57.3,75.0,75.3,0.92
2388932,20026,7176,6,2,5.0,7.0,6.0,7.0,-2.71,33.4,34.6,75.0,65.4,0.82
2389433,20558,8113,0,0,36.0,22.0,37.0,23.0,4.43,88.1,89.4,85.4,87.1,1.51
2389433,21921,8113,0,0,29.0,25.0,28.0,27.0,2.97,80.5,79.0,82.9,78.0,1.26
2389433,21170,8113,0,0,29.0,21.0,30.0,22.0,3.51,67.4,66.9,78.0,67.2,1.25
2389433,22911,8113,0,0,33.0,29.0,32.0,33.0,0.51,89.7,83.7,87.8,80.9,1.16
2389433,21221,8113,0,0,28.0,24.0,24.0,27.0,0.68,70.3,66.2,75.6,75.2,1.09
2389433,21221,8113,0,1,22.0,11.0,19.0,13.0,5.31,111.9,101.0,84.2,82.0,1.57
2389433,20558,8113,0,1,15.0,9.0,16.0,10.0,1.92,88.8,91.3,89.5,88.9,1.33
2389433,21170,8113,0,1,11.0,6.0,11.0,7.0,1.89,56.8,56.3,84.2,69.8,1.14
2389433,21921,8113,0,1,12.0,10.0,11.0,12.0,0.17,69.9,66.1,94.7,87.5,1.02
2389433,22911,8113,0,1,16.0,14.0,14.0,17.0,-1.63,87.8,77.7,84.2,76.0,0.96
2389433,20558,8113,0,2,21.0,13.0,21.0,13.0,6.59,87.6,87.7,81.8,85.6,1.67
2389433,21921,8113,0,2,17.0,15.0,17.0,15.0,5.38,89.6,90.1,72.7,69.8,1.47
2389433,21170,8113,0,2,18.0,15.0,19.0,15.0,4.91,76.5,76.1,72.7,64.9,1.35
2389433,22911,8113,0,2,17.0,15.0,18.0,16.0,2.37,91.3,88.8,90.9,85.1,1.33
2389433,21221,8113,0,2,6.0,13.0,5.0,14.0,-3.33,34.4,36.0,68.2,69.3,0.68
2389433,20522,12677,0,0,30.0,30.0,30.0,29.0,0.18,85.6,86.5,58.5,59.8,1.09
2389433,16645,12677,0,0,27.0,33.0,30.0,34.0,-2.3,76.0,81.3,78.0,82.4,1.05
2389433,18743,12677,0,0,25.0,32.0,27.0,33.0,-2.53,60.1,63.0,65.9,67.2,0.84
2389433,23551,12677,0,0,21.0,30.0,22.0,29.0,-3.98,50.9,54.0,68.3,65.6,0.74
2389433,9483,12677,0,0,17.0,31.0,18.0,30.0,-3.48,47.9,50.2,65.9,65.3,0.69
2389433,16645,12677,0,1,18.0,17.0,20.0,18.0,-3.53,82.6,86.2,86.4,90.0,1.08
2389433,20522,12677,0,1,17.0,15.0,16.0,15.0,-2.0,85.6,83.6,54.5,47.9,0.96
2389433,18743,12677,0,1,14.0,17.0,15.0,19.0,-0.44,66.5,67.4,72.7,70.0,0.88
2389433,23551,12677,0,1,12.0,16.0,12.0,17.0,-3.66,56.4,57.6,68.2,63.2,0.76
2389433,9483,12677,0,1,9.0,15.0,9.0,15.0,-6.31,54.1,55.0,68.2,68.1,0.61
2389433,20522,12677,0,2,13.0,15.0,14.0,15.0,2.7,85.5,89.9,63.2,73.6,1.23
2389433,16645,12677,0,2,9.0,16.0,11.0,15.0,-0.87,68.4,75.7,68.4,73.7,1.02
2389433,9483,12677,0,2,8.0,16.0,9.0,15.0,-0.2,40.6,44.6,63.2,62.1,0.79
2389433,18743,12677,0,2,11.0,15.0,12.0,14.0,-4.95,52.7,57.8,57.9,63.9,0.79
2389433,23551,12677,0,2,9.0,14.0,10.0,12.0,-4.34,44.6,49.9,68.4,68.3,0.72
2389433,20558,8113,5,0,17.0,10.0,17.0,11.0,7.41,81.4,82.8,84.2,82.7,1.63
2389433,21170,8113,5,0,15.0,9.0,16.0,9.0,7.3,82.4,83.3,94.7,83.3,1.61
2389433,21921,8113,5,0,14.0,12.0,13.0,13.0,3.46,92.8,88.2,78.9,71.8,1.31
2389433,22911,8113,5,0,18.0,15.0,16.0,17.0,-2.36,91.4,82.3,89.5,70.9,1.01
2389433,21221,8113,5,0,11.0,11.0,9.0,13.0,-1.81,62.0,58.3,73.7,71.5,0.87
2389433,21170,8113,5,1,6.0,1.0,6.0,1.0,11.16,85.0,85.2,100.0,79.4,1.96
2389433,20558,8113,5,1,5.0,3.0,5.0,3.0,7.07,68.6,66.2,100.0,96.1,1.44
2389433,21921,8113,5,1,5.0,4.0,4.0,5.0,3.98,95.0,89.1,100.0,97.5,1.29
2389433,22911,8113,5,1,9.0,6.0,8.0,8.0,1.59,103.0,92.1,100.0,79.3,1.23
2389433,21221,8113,5,1,7.0,4.0,6.0,6.0,-0.06,99.6,84.5,85.7,79.4,1.17
2389433,20558,8113,5,2,12.0,7.0,12.0,7.0,7.61,88.8,92.5,75.0,74.9,1.74
2389433,21170,8113,5,2,9.0,8.0,10.0,8.0,5.05,80.8,82.1,91.7,85.5,1.41
2389433,21921,8113,5,2,9.0,8.0,9.0,8.0,3.15,91.5,87.6,66.7,56.8,1.32
2389433,22911,8113,5,2,9.0,9.0,9.0,10.0,-4.67,84.6,76.5,83.3,66.1,0.89
2389433,21221,8113,5,2,4.0,7.0,4.0,8.0,-2.83,40.1,43.1,66.7,66.9,0.7
2389433,18743,12677,5,0,14.0,14.0,16.0,14.0,0.53,71.5,78.8,73.7,77.9,1.18
2389433,16645,12677,5,0,12.0,16.0,15.0,17.0,-3.41,71.8,80.2,89.5,99.1,1.12
2389433,20522,12677,5,0,14.0,15.0,14.0,14.0,-1.18,88.5,94.6,57.9,63.7,1.08
2389433,23551,12677,5,0,11.0,15.0,12.0,15.0,-3.27,52.5,55.7,63.2,68.9,0.79
2389433,9483,12677,5,0,5.0,16.0,6.0,15.0,-6.69,35.8,37.5,63.2,67.5,0.45
2389433,20522,12677,5,1,12.0,8.0,12.0,8.0,0.8,106.0,109.3,50.0,42.5,1.29
2389433,18743,12677,5,1,9.0,8.0,10.0,9.0,5.43,75.8,79.5,75.0,73.4,1.27
2389433,23551,12677,5,1,7.0,9.0,8.0,9.0,-2.0,62.6,65.0,58.3,59.1,0.83
2389433,16645,12677,5,1,7.0,10.0,8.0,11.0,-5.67,59.5,64.2,83.3,89.6,0.83
2389433,9483,12677,5,1,3.0,9.0,3.0,9.0,-6.91,42.5,43.3,66.7,69.0,0.45
2389433,16645,12677,5,2,5.0,6.0,6.0,6.0,0.46,92.9,107.6,100.0,115.3,1.62
2389433,18743,12677,5,2,5.0,6.0,6.0,6.0,-7.88,64.1,77.7,71.4,85.7,1.01
2389433,23551,12677,5,2,4.0,6.0,4.0,5.0,-5.45,35.3,39.8,71.4,85.7,0.72
2389433,20522,12677,5,2,2.0,7.0,2.0,7.0,-4.58,58.6,69.3,71.4,100.0,0.72
2389433,9483,12677,5,2,2.0,7.0,3.0,7.0,-6.31,24.4,27.6,57.1,64.9,0.45
2389433,20558,8113,2,0,19.0,12.0,19.0,13.0,1.85,94.0,95.0,86.4,91.0,1.42
2389433,22911,8113,2,0,15.0,14.0,15.0,15.0,3.0,88.2,84.9,86.4,89.5,1.37
2389433,21221,8113,2,0,17.0,13.0,15.0,14.0,2.82,77.5,72.9,77.3,78.3,1.29
2389433,21921,8113,2,0,15.0,13.0,15.0,14.0,2.54,69.8,71.1,86.4,83.4,1.24
2389433,21170,8113,2,0,14.0,12.0,14.0,12.0,0.24,54.4,52.8,63.6,53.3,1.01
2389433,21221,8113,2,1,15.0,7.0,13.0,8.0,8.44,119.2,110.7,83.3,83.5,1.83
2389433,20558,8113,2,1,10.0,6.0,11.0,7.0,-1.08,100.6,105.9,83.3,84.7,1.3
2389433,21921,8113,2,1,7.0,6.0,7.0,7.0,-2.05,55.2,52.7,91.7,81.6,0.88
2389433,22911,8113,2,1,7.0,8.0,6.0,9.0,-3.51,78.9,69.3,75.0,74.2,0.84
2389433,21170,8113,2,1,5.0,5.0,5.0,6.0,-3.52,40.4,39.4,75.0,64.2,0.76
2389433,22911,8113,2,2,8.0,6.0,9.0,6.0,10.81,99.4,103.6,100.0,107.9,2.01
2389433,21921,8113,2,2,8.0,7.0,9.0,7.0,8.06,87.3,93.1,80.0,85.4,1.66
2389433,20558,8113,2,2,9.0,6.0,9.0,6.0,5.38,86.1,82.0,90.0,98.5,1.58
2389433,21170,8113,2,2,9.0,7.0,9.0,7.0,4.75,71.2,68.9,50.0,40.1,1.3
2389433,21221,8113,2,2,2.0,6.0,1.0,6.0,-3.93,27.6,27.6,70.0,72.1,0.65
2389433,20522,12677,2,0,16.0,15.0,16.0,15.0,1.35,83.0,79.6,59.1,56.4,1.16
2389433,16645,12677,2,0,15.0,17.0,16.0,17.0,-1.34,79.7,82.3,68.2,68.1,1.06
2389433,9483,12677,2,0,12.0,15.0,13.0,15.0,-0.71,58.3,61.2,68.2,63.4,0.92
2389433,23551,12677,2,0,10.0,15.0,10.0,15.0,-4.59,49.5,52.6,72.7,62.7,0.71
2389433,18743,12677,2,0,11.0,18.0,12.0,19.0,-5.17,50.2,49.3,59.1,58.0,0.6
2389433,16645,12677,2,1,11.0,7.0,11.0,7.0,-0.97,110.3,112.6,90.0,90.4,1.41
2389433,9483,12677,2,1,6.0,6.0,6.0,6.0,-5.59,68.1,69.0,70.0,67.0,0.8
2389433,23551,12677,2,1,5.0,7.0,5.0,8.0,-5.66,48.9,48.7,80.0,68.1,0.68
2389433,20522,12677,2,1,5.0,7.0,4.0,7.0,-5.35,61.2,52.8,60.0,54.4,0.63
2389433,18743,12677,2,1,5.0,9.0,6.0,11.0,-7.49,55.2,53.0,70.0,66.0,0.5
2389433,20522,12677,2,2,11.0,8.0,12.0,8.0,6.94,101.2,102.0,58.3,58.1,1.6
2389433,9483,12677,2,2,6.0,9.0,7.0,9.0,3.37,50.1,54.6,66.7,60.5,1.02
2389433,16645,12677,2,2,4.0,10.0,4.0,10.0,-1.65,54.2,57.0,50.0,49.5,0.76
2389433,23551,12677,2,2,5.0,8.0,6.0,7.0,-3.7,50.0,55.8,66.7,58.2,0.73
2389433,18743,12677,2,2,6.0,9.0,6.0,9.0,-3.25,46.0,46.2,50.0,51.2,0.69
2388911,23046,4991,0,0,60.0,46.0,55.0,47.0,1.75,84.4,80.3,67.6,70.5,1.22
2388911,7528,4991,0,0,43.0,45.0,44.0,43.0,-0.19,67.1,65.9,70.6,70.2,1.0
2388911,11777,4991,0,0,47.0,56.0,48.0,58.0,-1.24,79.4,78.7,66.2,62.9,0.96
2388911,23414,4991,0,0,35.0,52.0,36.0,53.0,-1.09,56.7,56.1,64.7,62.4,0.84
2388911,17803,4991,0,0,34.0,55.0,36.0,53.0,-3.12,53.9,56.6,60.3,61.7,0.73
2388911,23046,4991,0,1,35.0,16.0,32.0,17.0,8.09,118.1,112.6,82.8,86.2,1.8
2388911,7528,4991,0,1,23.0,17.0,23.0,17.0,1.98,81.3,77.7,79.3,80.1,1.2
2388911,11777,4991,0,1,24.0,20.0,24.0,21.0,-1.68,86.0,84.5,65.5,59.3,1.03
2388911,17803,4991,0,1,14.0,20.0,16.0,20.0,-1.92,56.4,63.5,62.1,58.9,0.83
2388911,23414,4991,0,1,11.0,22.0,11.0,23.0,-4.87,43.5,41.4,62.1,58.5,0.56
2388911,23414,4991,0,2,24.0,30.0,25.0,30.0,1.71,66.6,67.0,66.7,65.3,1.05
2388911,11777,4991,0,2,23.0,36.0,24.0,37.0,-0.91,74.4,74.3,66.7,65.5,0.91
2388911,7528,4991,0,2,20.0,28.0,21.0,26.0,-1.81,56.5,57.2,64.1,62.8,0.85
2388911,23046,4991,0,2,25.0,30.0,23.0,30.0,-2.96,59.4,56.3,56.4,58.9,0.79
2388911,17803,4991,0,2,20.0,35.0,20.0,34.0,-4.0,51.9,51.6,59.0,63.8,0.66
2388911,21971,11609,0,0,64.0,44.0,65.0,44.0,0.89,93.7,91.6,77.9,77.8,1.33
2388911,19738,11609,0,0,50.0,44.0,51.0,44.0,2.54,84.2,85.6,76.5,75.6,1.26
2388911,22481,11609,0,0,54.0,38.0,47.0,41.0,1.68,73.1,67.1,73.5,71.4,1.12
2388911,14176,11609,0,0,44.0,43.0,44.0,43.0,-1.02,71.4,69.3,75.0,70.9,1.0
2388911,7168,11609,0,0,40.0,50.0,41.0,51.0,-0.61,66.8,67.6,75.0,73.7,0.98
2388911,21971,11609,0,1,39.0,21.0,41.0,22.0,1.17,86.4,85.5,82.1,82.1,1.38
2388911,19738,11609,0,1,28.0,23.0,28.0,23.0,3.62,88.4,90.1,76.9,81.4,1.31
2388911,7168,11609,0,1,30.0,27.0,32.0,29.0,0.51,85.2,87.8,87.2,84.6,1.21
2388911,22481,11609,0,1,33.0,19.0,29.0,21.0,2.95,73.6,67.9,76.9,73.8,1.19
2388911,14176,11609,0,1,28.0,22.0,25.0,23.0,-1.0,84.4,77.8,82.1,76.2,1.03
2388911,21971,11609,0,2,25.0,23.0,24.0,23.0,0.52,103.4,99.8,72.4,72.2,1.27
2388911,19738,11609,0,2,22.0,21.0,22.0,20.0,1.09,78.6,79.5,75.9,67.8,1.2
2388911,22481,11609,0,2,21.0,19.0,18.0,20.0,-0.04,72.4,66.0,69.0,68.3,1.02
2388911,14176,11609,0,2,16.0,21.0,19.0,20.0,-1.06,54.0,57.9,65.5,63.7,0.96
2388911,7168,11609,0,2,10.0,23.0,9.0,22.0,-2.11,42.1,40.5,58.6,59.2,0.66
2388911,11777,4991,3,0,12.0,16.0,14.0,16.0,-3.31,77.1,82.2,64.7,66.3,0.99
2388911,23414,4991,3,0,6.0,16.0,7.0,16.0,1.34,46.5,50.2,64.7,68.8,0.83
2388911,7528,4991,3,0,9.0,15.0,9.0,14.0,-4.5,66.4,64.7,52.9,54.3,0.71
2388911,17803,4991,3,0,10.0,15.0,11.0,14.0,-6.34,52.4,57.1,58.8,60.4,0.64
2388911,23046,4991,3,0,7.0,15.0,7.0,14.0,-8.23,43.9,45.7,47.1,49.4,0.52
2388911,11777,4991,3,1,7.0,4.0,8.0,5.0,3.09,136.6,152.1,80.0,74.4,2.07
2388911,23046,4991,3,1,5.0,3.0,5.0,3.0,-0.25,97.0,97.0,100.0,99.9,1.3
2388911,23414,4991,3,1,2.0,4.0,3.0,4.0,0.23,54.0,54.7,80.0,77.3,0.85
2388911,17803,4991,3,1,2.0,3.0,2.0,3.0,-5.76,47.4,52.2,40.0,31.2,0.55
2388911,7528,4991,3,1,2.0,4.0,2.0,4.0,-6.67,48.0,34.5,60.0,55.0,0.38
2388911,7528,4991,3,2,7.0,11.0,7.0,10.0,-3.6,74.0,77.4,50.0,54.1,0.85
2388911,23414,4991,3,2,4.0,12.0,5.0,11.0,1.81,43.4,48.3,58.3,65.2,0.82
2388911,17803,4991,3,2,8.0,12.0,9.0,11.0,-6.58,54.4,59.2,66.7,72.6,0.68
2388911,11777,4991,3,2,5.0,12.0,5.0,11.0,-5.97,52.3,53.1,58.3,63.0,0.54
2388911,23046,4991,3,2,2.0,12.0,2.0,11.0,-11.55,21.8,24.3,25.0,28.3,0.2
2388911,22481,11609,3,0,19.0,5.0,15.0,5.0,9.58,94.9,85.5,82.4,70.8,1.74
2388911,21971,11609,3,0,19.0,11.0,19.0,12.0,0.03,104.6,100.1,88.2,81.0,1.47
2388911,14176,11609,3,0,15.0,7.0,14.0,8.0,2.81,90.8,82.2,88.2,77.0,1.35
2388911,19738,11609,3,0,11.0,11.0,11.0,12.0,5.44,82.9,81.4,82.4,78.1,1.28
2388911,7168,11609,3,0,12.0,10.0,12.0,11.0,1.53,75.5,74.7,82.4,81.6,1.25
2388911,22481,11609,3,1,14.0,2.0,10.0,2.0,10.55,96.2,79.8,83.3,68.1,1.77
2388911,7168,11609,3,1,11.0,6.0,12.0,7.0,5.03,95.7,96.8,100.0,87.7,1.59
2388911,21971,11609,3,1,14.0,7.0,14.0,8.0,-0.77,107.6,99.9,91.7,86.7,1.5
2388911,19738,11609,3,1,8.0,7.0,8.0,8.0,8.18,87.3,87.3,83.3,78.5,1.45
2388911,14176,11609,3,1,11.0,4.0,9.0,5.0,0.58,92.2,78.9,91.7,76.8,1.25
2388911,22481,11609,3,2,5.0,3.0,5.0,3.0,7.26,91.8,99.0,80.0,77.4,1.67
2388911,14176,11609,3,2,4.0,3.0,4.0,3.0,8.17,87.2,90.1,80.0,77.3,1.6
2388911,21971,11609,3,2,5.0,4.0,5.0,4.0,1.96,97.4,100.4,80.0,67.1,1.4
2388911,19738,11609,3,2,3.0,4.0,3.0,4.0,-1.14,72.4,67.5,80.0,77.3,0.87
2388911,7168,11609,3,2,1.0,4.0,1.0,4.0,-6.87,27.0,21.7,40.0,67.1,0.42
2388911,23046,4991,1,0,25.0,10.0,23.0,10.0,8.43,104.2,99.7,76.2,73.8,1.88
2388911,23414,4991,1,0,13.0,12.0,13.0,13.0,3.6,71.0,70.9,66.7,65.1,1.27
2388911,7528,4991,1,0,14.0,12.0,14.0,11.0,3.2,70.0,66.9,76.2,70.6,1.17
2388911,11777,4991,1,0,12.0,17.0,12.0,18.0,0.33,78.1,76.5,61.9,55.2,0.91
2388911,17803,4991,1,0,9.0,16.0,8.0,16.0,-5.25,44.2,42.5,52.4,46.2,0.6
2388911,23046,4991,1,1,14.0,4.0,13.0,4.0,17.8,144.2,137.0,88.9,90.1,2.67
2388911,7528,4991,1,1,6.0,5.0,6.0,5.0,3.26,67.7,64.0,77.8,78.6,1.17
2388911,11777,4991,1,1,4.0,6.0,4.0,6.0,0.11,69.8,65.5,55.6,53.2,0.79
2388911,17803,4991,1,1,4.0,6.0,4.0,6.0,-0.97,49.0,53.4,55.6,46.1,0.78
2388911,23414,4991,1,1,4.0,5.0,4.0,5.0,-2.73,36.6,35.5,55.6,56.2,0.74
2388911,23414,4991,1,2,9.0,7.0,9.0,8.0,8.34,96.8,97.4,75.0,71.8,1.67
2388911,23046,4991,1,2,11.0,6.0,10.0,6.0,1.41,74.2,71.7,66.7,61.6,1.29
2388911,7528,4991,1,2,8.0,7.0,8.0,7.0,3.15,71.8,69.1,75.0,64.5,1.18
2388911,11777,4991,1,2,8.0,11.0,8.0,12.0,0.49,84.4,84.8,66.7,56.7,0.99
2388911,17803,4991,1,2,5.0,10.0,3.0,10.0,-8.47,40.6,34.4,50.0,46.3,0.46
2388911,19738,11609,1,0,20.0,13.0,20.0,12.0,5.55,99.3,98.5,71.4,65.9,1.58
2388911,22481,11609,1,0,15.0,13.0,15.0,14.0,-0.5,75.2,75.4,71.4,71.6,1.03
2388911,14176,11609,1,0,10.0,15.0,10.0,15.0,-3.88,55.0,55.7,66.7,61.5,0.71
2388911,7168,11609,1,0,10.0,17.0,10.0,17.0,-5.16,54.7,53.4,66.7,63.7,0.67
2388911,21971,11609,1,0,12.0,15.0,11.0,15.0,-6.32,64.0,59.4,61.9,60.7,0.67
2388911,19738,11609,1,1,13.0,7.0,13.0,7.0,9.08,108.4,109.0,66.7,67.6,1.83
2388911,7168,11609,1,1,7.0,9.0,8.0,9.0,-1.74,68.5,68.1,75.0,81.0,0.91
2388911,14176,11609,1,1,7.0,9.0,7.0,9.0,-1.45,81.3,81.1,75.0,66.8,0.84
2388911,22481,11609,1,1,8.0,8.0,8.0,9.0,-2.57,63.6,63.9,66.7,68.6,0.8
2388911,21971,11609,1,1,6.0,8.0,6.0,8.0,-8.24,44.0,46.0,58.3,57.7,0.54
2388911,22481,11609,1,2,7.0,5.0,7.0,5.0,2.26,90.8,90.7,77.8,75.5,1.33
2388911,19738,11609,1,2,7.0,6.0,7.0,5.0,0.86,87.2,84.4,77.8,63.7,1.23
2388911,21971,11609,1,2,6.0,7.0,5.0,7.0,-3.76,90.6,77.2,66.7,64.6,0.83
2388911,14176,11609,1,2,3.0,6.0,3.0,5.0,-7.11,19.8,21.7,55.6,54.4,0.53
2388911,7168,11609,1,2,3.0,8.0,3.0,8.0,-9.72,36.2,33.9,55.6,40.7,0.35
2388911,23046,4991,4,0,28.0,21.0,25.0,24.0,2.73,93.5,86.3,73.3,80.3,1.23
2388911,7528,4991,4,0,20.0,18.0,21.0,17.0,-0.12,65.5,65.9,76.7,78.8,1.1
2388911,11777,4991,4,0,23.0,23.0,22.0,24.0,-1.16,81.5,78.1,70.0,66.2,1.05
2388911,17803,4991,4,0,15.0,24.0,17.0,24.0,0.2,61.5,66.2,66.7,73.2,0.94
2388911,23414,4991,4,0,16.0,24.0,15.0,24.0,-5.76,52.5,49.1,63.3,56.9,0.58
2388911,7528,4991,4,1,15.0,8.0,16.0,8.0,4.1,100.7,100.3,86.7,89.3,1.56
2388911,23046,4991,4,1,16.0,9.0,15.0,10.0,5.03,109.5,103.2,73.3,79.3,1.47
2388911,17803,4991,4,1,8.0,11.0,10.0,11.0,-1.21,63.9,73.3,73.3,75.9,0.99
2388911,11777,4991,4,1,13.0,10.0,12.0,10.0,-4.35,78.8,73.4,66.7,57.9,0.91
2388911,23414,4991,4,1,5.0,13.0,4.0,13.0,-7.85,44.1,40.4,60.0,53.7,0.35
2388911,11777,4991,4,2,10.0,13.0,10.0,14.0,2.02,84.1,82.8,73.3,74.6,1.19
2388911,23046,4991,4,2,12.0,12.0,10.0,13.0,0.43,77.5,69.5,73.3,81.2,0.99
2388911,17803,4991,4,2,7.0,13.0,7.0,13.0,1.62,59.1,59.2,60.0,70.6,0.9
2388911,23414,4991,4,2,11.0,11.0,11.0,11.0,-3.67,60.9,57.7,66.7,60.1,0.81
2388911,7528,4991,4,2,5.0,10.0,6.0,9.0,-4.34,30.3,31.4,66.7,68.3,0.63
2388911,21971,11609,4,0,33.0,18.0,35.0,17.0,6.42,108.3,109.3,83.3,88.1,1.85
2388911,7168,11609,4,0,18.0,23.0,19.0,23.0,1.37,70.5,73.5,76.7,76.2,1.1
2388911,19738,11609,4,0,19.0,20.0,20.0,20.0,-1.2,74.3,78.9,76.7,81.0,1.09
2388911,14176,11609,4,0,19.0,21.0,20.0,20.0,-1.2,72.0,71.6,73.3,74.0,1.03
2388911,22481,11609,4,0,20.0,20.0,17.0,22.0,-1.28,59.2,50.9,70.0,71.7,0.87
2388911,21971,11609,4,1,19.0,6.0,21.0,6.0,10.24,103.4,105.4,93.3,97.8,2.17
2388911,7168,11609,4,1,12.0,12.0,13.0,12.0,-1.31,90.2,96.2,86.7,84.9,1.19
2388911,22481,11609,4,1,11.0,9.0,11.0,10.0,1.29,63.5,61.7,80.0,82.4,1.08
2388911,14176,11609,4,1,10.0,9.0,9.0,9.0,-1.91,80.6,74.1,80.0,83.1,1.02
2388911,19738,11609,4,1,7.0,9.0,7.0,8.0,-4.38,73.2,77.3,80.0,94.8,0.9
2388911,21971,11609,4,2,14.0,12.0,14.0,12.0,2.61,113.1,113.1,73.3,78.4,1.52
2388911,19738,11609,4,2,12.0,11.0,13.0,11.0,1.98,75.5,80.5,73.3,67.1,1.28
2388911,14176,11609,4,2,9.0,12.0,11.0,11.0,-0.5,63.5,69.0,66.7,64.8,1.05
2388911,7168,11609,4,2,6.0,11.0,6.0,11.0,4.05,50.7,50.7,66.7,67.6,1.01
2388911,22481,11609,4,2,9.0,11.0,6.0,11.0,-3.86,54.9,40.1,60.0,60.9,0.67
2388931,24772,11768,0,0,64.0,46.0,63.0,48.0,4.07,81.2,82.6,78.2,79.9,1.35
2388931,22777,11768,0,0,60.0,53.0,63.0,51.0,0.75,78.9,82.4,78.2,79.3,1.21
2388931,22182,11768,0,0,52.0,56.0,55.0,56.0,0.32,67.9,69.7,71.8,71.6,1.03
2388931,17181,11768,0,0,40.0,57.0,41.0,56.0,-2.36,67.0,67.7,71.8,69.5,0.85
2388931,14390,11768,0,0,43.0,58.0,41.0,61.0,-2.52,67.2,64.9,64.1,58.5,0.79
2388931,24772,11768,0,1,42.0,24.0,41.0,26.0,6.07,92.5,94.0,81.4,82.7,1.55
2388931,22777,11768,0,1,30.0,30.0,32.0,29.0,-1.61,76.0,81.8,74.4,73.4,1.03
2388931,22182,11768,0,1,30.0,32.0,31.0,33.0,-0.52,70.3,72.3,74.4,73.5,0.96
2388931,17181,11768,0,1,25.0,31.0,25.0,31.0,-2.74,73.1,73.2,69.8,68.5,0.87
2388931,14390,11768,0,1,25.0,32.0,24.0,35.0,-3.44,76.7,73.8,69.8,63.3,0.76
2388931,22777,11768,0,2,30.0,23.0,31.0,22.0,3.63,82.6,83.2,82.9,86.4,1.43
2388931,22182,11768,0,2,22.0,24.0,24.0,23.0,1.35,64.9,66.4,68.6,69.4,1.12
2388931,24772,11768,0,2,22.0,22.0,22.0,22.0,1.62,67.4,68.7,74.3,76.3,1.11
2388931,17181,11768,0,2,15.0,26.0,16.0,25.0,-1.9,59.5,61.0,74.3,70.7,0.83
2388931,14390,11768,0,2,18.0,26.0,17.0,27.0,-1.39,55.5,53.9,57.1,52.6,0.82
2388931,20183,11837,0,0,60.0,54.0,58.0,58.0,1.67,85.2,82.1,78.2,74.6,1.16
2388931,20385,11837,0,0,51.0,48.0,50.0,48.0,0.89,74.7,74.2,73.1,68.4,1.08
2388931,11154,11837,0,0,52.0,49.0,53.0,48.0,-0.72,75.0,73.9,73.1,69.7,1.04
2388931,19692,11837,0,0,56.0,55.0,52.0,61.0,-0.43,68.1,67.7,70.5,73.2,0.98
2388931,18717,11837,0,0,47.0,54.0,46.0,56.0,-2.08,64.5,63.0,71.8,65.0,0.86
2388931,20183,11837,0,1,28.0,23.0,27.0,26.0,1.04,83.6,81.4,82.9,75.5,1.11
2388931,11154,11837,0,1,24.0,23.0,25.0,24.0,-2.03,78.1,77.9,77.1,69.8,0.98
2388931,19692,11837,0,1,25.0,23.0,23.0,26.0,0.47,69.6,70.4,65.7,61.4,0.92
2388931,20385,11837,0,1,20.0,20.0,20.0,21.0,-0.62,74.1,73.7,65.7,54.4,0.89
2388931,18717,11837,0,1,21.0,18.0,21.0,19.0,-2.17,66.8,66.1,77.1,63.6,0.89
2388931,20385,11837,0,2,31.0,28.0,31.0,27.0,2.11,75.1,74.6,79.1,79.8,1.23
2388931,20183,11837,0,2,32.0,31.0,31.0,31.0,2.19,86.5,82.7,74.4,73.9,1.2
2388931,11154,11837,0,2,28.0,26.0,28.0,25.0,0.34,72.5,70.7,69.8,69.6,1.1
2388931,19692,11837,0,2,31.0,32.0,29.0,35.0,-1.17,66.9,65.6,74.4,82.8,1.02
2388931,18717,11837,0,2,26.0,36.0,25.0,37.0,-2.01,62.6,60.4,67.4,66.1,0.84
2388931,24772,11768,1,0,14.0,10.0,15.0,11.0,-1.1,74.4,75.8,82.4,84.6,1.09
2388931,22777,11768,1,0,11.0,13.0,12.0,12.0,-4.62,74.4,81.3,70.6,72.6,0.94
2388931,14390,11768,1,0,12.0,13.0,10.0,14.0,-6.2,84.4,73.9,82.4,65.0,0.77
2388931,22182,11768,1,0,8.0,13.0,8.0,13.0,-6.41,42.6,44.6,76.5,71.6,0.61
2388931,17181,11768,1,0,6.0,14.0,6.0,13.0,-6.23,54.9,58.8,64.7,52.0,0.56
2388931,24772,11768,1,1,11.0,7.0,12.0,8.0,-1.3,75.7,81.0,83.3,89.7,1.16
2388931,22777,11768,1,1,8.0,9.0,9.0,8.0,-6.31,68.6,79.5,66.7,71.1,0.88
2388931,14390,11768,1,1,7.0,9.0,7.0,10.0,-5.78,82.4,76.8,83.3,69.2,0.72
2388931,17181,11768,1,1,5.0,10.0,5.0,10.0,-6.23,62.8,67.6,58.3,51.2,0.61
2388931,22182,11768,1,1,5.0,10.0,5.0,10.0,-7.92,47.8,49.0,75.0,69.7,0.5
2388931,22777,11768,1,2,3.0,4.0,3.0,4.0,-0.57,88.4,85.8,80.0,76.2,1.1
2388931,24772,11768,1,2,3.0,3.0,3.0,3.0,-0.62,71.4,63.3,80.0,72.5,0.92
2388931,14390,11768,1,2,5.0,4.0,3.0,4.0,-7.2,89.0,66.7,80.0,54.6,0.87
2388931,22182,11768,1,2,3.0,3.0,3.0,3.0,-2.78,30.0,34.2,80.0,76.2,0.86
2388931,17181,11768,1,2,1.0,4.0,1.0,4.0,-6.25,36.2,37.5,80.0,53.8,0.44
2388931,11154,11837,1,0,15.0,8.0,14.0,8.0,10.09,91.9,87.5,88.2,96.2,1.89
2388931,20183,11837,1,0,17.0,12.0,17.0,12.0,4.65,99.2,95.3,82.4,75.7,1.47
2388931,19692,11837,1,0,14.0,12.0,13.0,13.0,5.85,81.9,84.0,82.4,88.8,1.4
2388931,20385,11837,1,0,7.0,7.0,7.0,6.0,2.74,49.7,50.1,82.4,83.6,1.08
2388931,18717,11837,1,0,10.0,12.0,10.0,12.0,1.24,68.6,69.5,70.6,63.4,1.02
2388931,18717,11837,1,1,5.0,2.0,5.0,2.0,8.88,103.4,105.2,80.0,83.1,1.88
2388931,19692,11837,1,1,6.0,4.0,6.0,4.0,6.64,126.4,138.4,80.0,83.2,1.74
2388931,20183,11837,1,1,4.0,5.0,4.0,5.0,1.33,99.4,92.7,80.0,61.1,0.98
2388931,11154,11837,1,1,2.0,3.0,2.0,3.0,0.45,42.8,42.7,80.0,83.3,0.9
2388931,20385,11837,1,1,1.0,1.0,1.0,1.0,0.12,10.0,12.2,80.0,83.3,0.86
2388931,11154,11837,1,2,13.0,5.0,12.0,5.0,14.1,112.3,106.1,91.7,101.6,2.3
2388931,20183,11837,1,2,13.0,7.0,13.0,7.0,6.04,99.2,96.4,83.3,81.7,1.68
2388931,19692,11837,1,2,8.0,8.0,7.0,9.0,5.52,63.4,61.3,83.3,91.2,1.26
2388931,20385,11837,1,2,6.0,6.0,6.0,6.0,3.83,66.2,65.8,83.3,83.8,1.17
2388931,18717,11837,1,2,5.0,10.0,5.0,11.0,-1.95,54.1,54.6,66.7,55.1,0.66
2388931,24772,11768,5,0,26.0,10.0,25.0,10.0,10.67,124.2,126.3,90.5,92.9,2.3
2388931,22777,11768,5,0,17.0,12.0,16.0,11.0,1.68,84.5,83.2,90.5,91.5,1.38
2388931,22182,11768,5,0,14.0,13.0,15.0,13.0,1.56,64.5,67.1,81.0,82.6,1.15
2388931,17181,11768,5,0,12.0,12.0,12.0,12.0,-2.51,58.1,59.3,76.2,74.1,0.93
2388931,14390,11768,5,0,9.0,13.0,9.0,13.0,0.22,48.1,47.7,66.7,66.9,0.92
2388931,24772,11768,5,1,18.0,7.0,17.0,8.0,14.54,146.7,141.8,91.7,90.4,2.63
2388931,22182,11768,5,1,12.0,9.0,13.0,10.0,2.58,88.2,91.0,91.7,92.9,1.39
2388931,17181,11768,5,1,9.0,6.0,9.0,6.0,-2.9,75.5,73.8,75.0,75.2,1.06
2388931,22777,11768,5,1,8.0,7.0,7.0,7.0,-1.85,74.7,69.8,83.3,78.0,0.97
2388931,14390,11768,5,1,3.0,8.0,3.0,9.0,-5.76,38.8,34.1,66.7,66.0,0.48
2388931,22777,11768,5,2,9.0,5.0,9.0,5.0,6.4,97.7,101.0,100.0,109.5,1.93
2388931,24772,11768,5,2,8.0,3.0,9.0,3.0,5.52,94.3,105.6,88.9,96.3,1.87
2388931,14390,11768,5,2,6.0,5.0,7.0,5.0,8.19,60.4,65.7,66.7,68.2,1.5
2388931,22182,11768,5,2,2.0,4.0,2.0,3.0,0.2,33.0,35.2,66.7,68.7,0.84
2388931,17181,11768,5,2,3.0,6.0,4.0,6.0,-1.99,35.0,39.9,77.8,72.7,0.77
2388931,20183,11837,5,0,16.0,16.0,15.0,17.0,4.33,89.0,84.0,76.2,59.7,1.2
2388931,20385,11837,5,0,14.0,15.0,13.0,15.0,-3.16,71.3,68.6,61.9,50.7,0.86
2388931,19692,11837,5,0,13.0,16.0,13.0,18.0,-4.38,59.0,62.0,52.4,55.7,0.79
2388931,11154,11837,5,0,9.0,15.0,9.0,14.0,-6.18,53.0,51.4,57.1,49.1,0.6
2388931,18717,11837,5,0,8.0,16.0,8.0,17.0,-2.23,40.0,39.4,61.9,54.3,0.58
2388931,20183,11837,5,1,8.0,6.0,7.0,7.0,1.95,86.0,77.9,88.9,64.2,1.06
2388931,20385,11837,5,1,5.0,5.0,5.0,6.0,-4.37,86.8,82.0,55.6,29.3,0.73
2388931,18717,11837,5,1,4.0,4.0,4.0,5.0,-1.33,48.2,43.0,77.8,53.2,0.68
2388931,11154,11837,5,1,4.0,6.0,4.0,6.0,-8.93,55.7,54.3,66.7,41.2,0.46
2388931,19692,11837,5,1,2.0,7.0,2.0,9.0,-5.62,25.0,26.7,33.3,23.8,0.29
2388931,20183,11837,5,2,8.0,10.0,8.0,10.0,6.11,91.2,88.5,66.7,56.4,1.31
2388931,19692,11837,5,2,11.0,9.0,11.0,9.0,-3.45,84.5,88.5,66.7,79.7,1.16
2388931,20385,11837,5,2,9.0,10.0,9.0,9.0,-2.25,59.7,58.6,66.7,66.7,0.95
2388931,11154,11837,5,2,5.0,9.0,5.0,8.0,-4.12,51.0,49.2,50.0,55.1,0.71
2388931,18717,11837,5,2,4.0,12.0,4.0,12.0,-2.9,33.9,36.7,50.0,55.1,0.51
2388931,22777,11768,3,0,32.0,28.0,35.0,27.0,2.53,78.0,82.5,75.0,75.6,1.26
2388931,22182,11768,3,0,30.0,30.0,32.0,30.0,2.53,80.5,81.6,65.0,65.9,1.19
2388931,24772,11768,3,0,24.0,26.0,22.0,27.0,2.8,61.6,62.6,70.0,71.0,1.02
2388931,17181,11768,3,0,22.0,31.0,23.0,31.0,-0.64,76.8,76.0,72.5,74.5,0.95
2388931,14390,11768,3,0,22.0,32.0,21.0,34.0,-2.4,69.9,70.1,55.0,51.3,0.78
2388931,24772,11768,3,1,13.0,10.0,12.0,10.0,5.37,68.9,71.9,73.7,73.5,1.22
2388931,22777,11768,3,1,14.0,14.0,16.0,14.0,1.52,81.5,90.8,73.7,71.9,1.2
2388931,22182,11768,3,1,13.0,13.0,13.0,14.0,2.19,73.3,75.3,63.2,63.6,1.05
2388931,14390,11768,3,1,15.0,15.0,14.0,16.0,-0.5,97.0,97.0,63.2,57.9,1.0
2388931,17181,11768,3,1,11.0,15.0,11.0,15.0,-0.44,78.2,76.3,73.7,75.2,0.94
2388931,22182,11768,3,2,17.0,17.0,19.0,17.0,2.83,87.0,87.4,66.7,68.0,1.32
2388931,22777,11768,3,2,18.0,14.0,19.0,13.0,3.45,74.7,75.0,76.2,79.0,1.32
2388931,17181,11768,3,2,11.0,16.0,11.0,16.0,-0.82,75.5,75.7,71.4,73.9,0.96
2388931,24772,11768,3,2,11.0,16.0,11.0,16.0,0.48,55.0,54.3,66.7,68.7,0.85
2388931,14390,11768,3,2,7.0,17.0,7.0,18.0,-4.11,45.4,45.9,47.6,45.3,0.58
2388931,20385,11837,3,0,30.0,26.0,30.0,27.0,2.22,87.1,87.3,75.0,71.2,1.22
2388931,11154,11837,3,0,28.0,26.0,30.0,26.0,-2.45,79.5,80.0,75.0,69.2,1.04
2388931,20183,11837,3,0,27.0,26.0,26.0,28.0,-0.99,77.3,75.6,77.5,81.9,1.03
2388931,18717,11837,3,0,29.0,26.0,28.0,27.0,-3.42,75.5,72.5,77.5,71.3,0.97
2388931,19692,11837,3,0,29.0,27.0,26.0,30.0,-1.03,67.0,63.8,75.0,75.7,0.97
2388931,11154,11837,3,1,18.0,14.0,19.0,15.0,0.33,96.2,96.4,81.0,78.9,1.26
2388931,20183,11837,3,1,16.0,12.0,17.0,14.0,0.58,78.9,80.1,81.0,83.7,1.16
2388931,19692,11837,3,1,17.0,12.0,15.0,14.0,1.61,75.2,72.9,76.2,72.3,1.09
2388931,20385,11837,3,1,14.0,14.0,14.0,15.0,0.82,84.0,84.8,66.7,58.2,1.01
2388931,18717,11837,3,1,12.0,12.0,13.0,13.0,-5.16,66.1,66.7,76.2,63.3,0.78
2388931,20385,11837,3,2,16.0,12.0,16.0,12.0,3.78,90.5,90.2,84.2,85.5,1.46
2388931,18717,11837,3,2,17.0,14.0,16.0,14.0,-1.49,86.0,79.0,78.9,80.0,1.18
2388931,20183,11837,3,2,11.0,14.0,10.0,14.0,-2.71,75.6,70.5,73.7,79.9,0.89
2388931,19692,11837,3,2,12.0,15.0,11.0,17.0,-3.95,57.9,53.8,73.7,79.4,0.83
2388931,11154,11837,3,2,10.0,12.0,11.0,12.0,-5.53,60.9,61.9,68.4,58.4,0.79
